-- MySQL Administrator dump 1.4
--
-- ------------------------------------------------------
-- Server version	5.1.39-community-log


/*!40101 SET @OLD_CHARACTER_SET_CLIENT=@@CHARACTER_SET_CLIENT */;
/*!40101 SET @OLD_CHARACTER_SET_RESULTS=@@CHARACTER_SET_RESULTS */;
/*!40101 SET @OLD_COLLATION_CONNECTION=@@COLLATION_CONNECTION */;
/*!40101 SET NAMES utf8 */;

/*!40014 SET @OLD_UNIQUE_CHECKS=@@UNIQUE_CHECKS, UNIQUE_CHECKS=0 */;
/*!40014 SET @OLD_FOREIGN_KEY_CHECKS=@@FOREIGN_KEY_CHECKS, FOREIGN_KEY_CHECKS=0 */;
/*!40101 SET @OLD_SQL_MODE=@@SQL_MODE, SQL_MODE='NO_AUTO_VALUE_ON_ZERO' */;


--
-- Create schema wordpress
--

CREATE DATABASE IF NOT EXISTS wordpress;
USE wordpress;

--
-- Definition of table `wp_gigpress_artists`
--

DROP TABLE IF EXISTS `wp_gigpress_artists`;
CREATE TABLE `wp_gigpress_artists` (
  `artist_id` int(4) NOT NULL AUTO_INCREMENT,
  `artist_name` varchar(255) NOT NULL,
  `artist_order` int(4) DEFAULT '0',
  PRIMARY KEY (`artist_id`)
) ENGINE=InnoDB AUTO_INCREMENT=368 DEFAULT CHARSET=utf8;

--
-- Dumping data for table `wp_gigpress_artists`
--

/*!40000 ALTER TABLE `wp_gigpress_artists` DISABLE KEYS */;
INSERT INTO `wp_gigpress_artists` (`artist_id`,`artist_name`,`artist_order`) VALUES 
 (10,'Apparat',0),
 (11,'T.Raumschmiere',0),
 (12,'Anders Ilar',0),
 (13,'Sun Electric',0),
 (14,'Judith Juillerat',0),
 (16,'Das Bierbeben',0),
 (18,'Fenin',0),
 (20,'Gwem',0),
 (21,'Hakan Lidbo',0),
 (22,'Jerry Abstract',0),
 (23,'Kero',0),
 (24,'Magnum 38',0),
 (25,'Napoli Is Not Nepal',0),
 (26,'Nanospeed',0),
 (27,'Peter Grummich',0),
 (28,'Phon.o',0),
 (29,'Quasimodo Jones',0),
 (30,'Rechenzentrum',0),
 (31,'Sami Koivikko',0),
 (33,'Holz',0),
 (67,'Shrubbn!!',0),
 (69,'Static Lounge',0),
 (70,'Stormbow',0),
 (74,'Daniel Meteo',0),
 (76,'Echo Depth Finders',0),
 (77,'Wuzi Khan',0),
 (78,'The Rootsman',0),
 (79,'Ferdinand Fehlers',0),
 (81,'Monkeytribe',0),
 (82,'Submission',0),
 (84,'Boxtype',0),
 (86,'Lee Anderson',0),
 (89,'Various Artists',0),
 (178,'Lab Generator',0),
 (181,'Herr Pitzelberger',0),
 (215,'Transforma & O.S.T.',0),
 (222,'Meteo/Thiel',0),
 (235,'Amerika Ruby',0),
 (236,'Dave Tarrida & Mike Fuzz',0),
 (237,'The Crack Whore Society',0),
 (238,'Puppetmastaz',0),
 (239,'Warren Suicide',0),
 (240,'Radio Birdman',0),
 (241,'Bendertainment',0),
 (242,'Elliott Whitmore',0),
 (243,'The Mighty Pow Pow Movement',0),
 (245,'Beatsteaks',0),
 (246,'Justice',0),
 (247,'Roman',0),
 (248,'Wechsel Garland',0),
 (249,'Junction SM',0),
 (250,'DeWalta & Aquatic',0),
 (251,'The 23\\\'s',0),
 (252,'Max Rouen',0),
 (253,'Le Rok',0),
 (254,'Pluramon',0),
 (255,'Wunder',0),
 (256,'März',0),
 (257,'Housemeister',0),
 (258,'Bus',0),
 (259,'Bus feat MC Soom-T',0),
 (260,'Fenin & K.J.Gibbs',0),
 (261,'Khan',0),
 (262,'Mark Boombastik',0),
 (263,'Zero Cash & Khan',0),
 (264,'Telefon Tel Aviv',0),
 (265,'Bohren & der Club of Gore',0),
 (272,'Scapegoat',0),
 (276,'Mike Fuzz',0),
 (277,'Chevron',0),
 (278,'Drumcorps',0),
 (279,'Cdatakill',0),
 (280,'Enduser',0),
 (281,'Machine Girl',0),
 (282,'Cakebuilder',0),
 (283,'Enduser/Larvae',0),
 (284,'Scorn',0),
 (285,'Mad EP & Ra',0),
 (286,'Mothboy',0),
 (287,'Larvae',0),
 (288,'AZ-Rotator',0),
 (289,'Mad EP',0),
 (290,'Bong-Ra',0),
 (291,'Bong-Ra/Enduser',0),
 (292,'CLP',0),
 (293,'Chris Air',0),
 (294,'Felix',0),
 (295,'Niak',0),
 (296,'Funckarma',0),
 (297,'Broken Note',0),
 (298,'DJ Flush',0),
 (299,'Pelican',0),
 (300,'MGR',0),
 (301,'Troum',0),
 (302,'Long Distance Calling',0),
 (303,'Ismael Pinkler',0),
 (304,'Breandan Davey',0),
 (305,'Bekeschus',0),
 (306,'Bicoma',0),
 (307,'Dave Tarrida',0),
 (308,'Motor',0),
 (309,'Schieres',0),
 (310,'Math Head',0),
 (311,'The Kilimanjaro Darkjazz Ensembl',0),
 (312,'Cardopusher',0),
 (313,'Sickboy',0),
 (314,'O.S.T.',0),
 (315,'Raz Ohara',0),
 (316,'Anaphie',0),
 (317,'Hakan Lidbo vs Magnum 38',0),
 (318,'Khan Of Finland',0),
 (319,'Julia Hummer',0),
 (320,'Kadrage',0),
 (321,'Notic Nastic',0),
 (322,'Xenia Beliayeva',0),
 (323,'Thomas Brinkmann',0),
 (324,'Luciano',0),
 (325,'Sid Le Rock',0),
 (326,'Never My Queen',0),
 (327,'St. Echo',0),
 (328,'Soul Center',0),
 (329,'Tba aka Tusia Beridze',0),
 (330,'Post Industrial Boys',0),
 (331,'Tba Empty',0),
 (332,'Ester Brinkmann',0),
 (338,'Nate Fisher',0),
 (340,'Plagia / Body Combat',0),
 (341,'Suicide vs. Brinkmann',0),
 (342,'Andrès Garcìa',0),
 (343,'VSQ',0),
 (344,'Ritornell',0),
 (345,'Takeo Toyama',0),
 (346,'Wells / Schneider/ Whitehead / M',0),
 (347,'Tolouse Low Trax',0),
 (348,'Toog',0),
 (349,'Donna Regina',0),
 (350,'Frank Bretschneider',0),
 (351,'Oval',0),
 (352,'Sorry Entertainers',0),
 (353,'Dj Hidden',0),
 (354,'Matta',0),
 (355,'Hecq',0),
 (356,'Karsten Pflum',0),
 (357,'Subheim',0),
 (358,'Black Lung',0),
 (359,'Tom Thiel',0),
 (360,'Lars & Gunnar Hemmerling',0),
 (361,'Army Of The Universe',0),
 (362,'Mark Boombastik & E. D. L.',0),
 (363,'SHITPARADE',0),
 (364,'Stig Inge',0),
 (365,'Playmodul',0),
 (366,'Medic & Garoni',0),
 (367,'Stig Inge/Playmodul/Medic&Garoni',0);
/*!40000 ALTER TABLE `wp_gigpress_artists` ENABLE KEYS */;


--
-- Definition of table `wp_gigpress_shows`
--

DROP TABLE IF EXISTS `wp_gigpress_shows`;
CREATE TABLE `wp_gigpress_shows` (
  `show_id` int(4) NOT NULL AUTO_INCREMENT,
  `show_artist_id` int(4) NOT NULL,
  `show_venue_id` int(4) NOT NULL,
  `show_tour_id` int(4) DEFAULT '0',
  `show_date` date NOT NULL,
  `show_multi` int(1) DEFAULT NULL,
  `show_time` time NOT NULL,
  `show_expire` date NOT NULL,
  `show_price` varchar(32) DEFAULT NULL,
  `show_tix_url` varchar(255) DEFAULT NULL,
  `show_tix_phone` varchar(255) DEFAULT NULL,
  `show_ages` varchar(255) DEFAULT NULL,
  `show_notes` text,
  `show_related` bigint(20) DEFAULT '0',
  `show_status` varchar(32) DEFAULT 'active',
  `show_tour_restore` int(1) DEFAULT '0',
  `show_address` varchar(255) DEFAULT NULL,
  `show_locale` varchar(255) DEFAULT NULL,
  `show_country` varchar(2) DEFAULT NULL,
  `show_venue` varchar(255) DEFAULT NULL,
  `show_venue_url` varchar(255) DEFAULT NULL,
  `show_venue_phone` varchar(255) DEFAULT NULL,
  PRIMARY KEY (`show_id`)
) ENGINE=InnoDB AUTO_INCREMENT=769 DEFAULT CHARSET=utf8;

--
-- Dumping data for table `wp_gigpress_shows`
--

/*!40000 ALTER TABLE `wp_gigpress_shows` DISABLE KEYS */;
INSERT INTO `wp_gigpress_shows` (`show_id`,`show_artist_id`,`show_venue_id`,`show_tour_id`,`show_date`,`show_multi`,`show_time`,`show_expire`,`show_price`,`show_tix_url`,`show_tix_phone`,`show_ages`,`show_notes`,`show_related`,`show_status`,`show_tour_restore`,`show_address`,`show_locale`,`show_country`,`show_venue`,`show_venue_url`,`show_venue_phone`) VALUES 
 (4,10,53,NULL,'2012-07-24',NULL,'20:00:00','2012-08-24',NULL,NULL,NULL,NULL,'(live band)',NULL,'active',NULL,'','live','IT','','http://www.dancityfestival.com','(live band)'),
 (6,10,53,NULL,'2012-07-25',NULL,'20:00:00','2012-08-25',NULL,NULL,NULL,NULL,'(solo)',NULL,'active',NULL,'','live','IT','','','(solo)'),
 (7,10,49,NULL,'2012-08-08',NULL,'20:00:00','2012-09-08',NULL,NULL,NULL,NULL,'(live band)',NULL,'active',NULL,'','live','ES','','','(live band)'),
 (8,10,8,NULL,'2012-08-10',NULL,'20:00:00','2012-09-10',NULL,NULL,NULL,NULL,'(solo/video)',NULL,'active',NULL,'','live','IT','','','(solo/video)'),
 (9,10,42,NULL,'2012-08-16',NULL,'20:00:00','2012-09-16',NULL,NULL,NULL,NULL,'(solo/video)',NULL,'active',NULL,'','live','CZ','','','(solo/video)'),
 (10,10,3,NULL,'2012-09-05',NULL,'20:00:00','2012-10-05',NULL,NULL,NULL,NULL,'(solo)',NULL,'active',NULL,'','live','NL','','','(solo)'),
 (11,10,39,NULL,'2012-09-13',NULL,'20:00:00','2012-10-13',NULL,NULL,NULL,NULL,'(solo/video)',NULL,'active',NULL,'','live','CH','','','(solo/video)'),
 (12,10,306,NULL,'2012-09-14',NULL,'20:00:00','2012-10-14',NULL,NULL,NULL,NULL,'(solo/video)',NULL,'active',NULL,'magazzini generali','live','IT','magazzini generali','','(solo/video)'),
 (13,10,341,NULL,'2012-09-26',NULL,'20:00:00','2012-10-26',NULL,NULL,NULL,NULL,'(solo/video)',NULL,'active',NULL,'ososphere','live','FR','ososphere','','(solo/video)'),
 (14,10,180,NULL,'2012-10-18',NULL,'20:00:00','2012-11-18',NULL,NULL,NULL,NULL,'(solo/video)',NULL,'active',NULL,'dirty dancing','live','BE','dirty dancing','','(solo/video)'),
 (15,74,239,NULL,'2012-07-20',NULL,'20:00:00','2012-08-20',NULL,NULL,NULL,NULL,'',NULL,'active',NULL,'haus der kulturen der welt','dj','DE','haus der kulturen der welt','',''),
 (16,18,62,NULL,'2012-07-19',NULL,'20:00:00','2012-08-19',NULL,NULL,NULL,NULL,'',NULL,'active',NULL,'','live','IT','','',''),
 (17,18,21,NULL,'2012-08-15',NULL,'20:00:00','2012-09-15',NULL,NULL,NULL,NULL,'(with gorbi)',NULL,'active',NULL,'','live','NL','','','(with gorbi)'),
 (18,18,278,NULL,'2012-08-23',NULL,'20:00:00','2012-09-23',NULL,NULL,NULL,NULL,'',NULL,'active',NULL,'la rouche','live','CH','la rouche','',''),
 (19,18,29,NULL,'2012-08-24',NULL,'20:00:00','2012-09-24',NULL,NULL,NULL,NULL,'',NULL,'active',NULL,'','live','CH','','',''),
 (20,67,62,NULL,'2012-07-19',NULL,'20:00:00','2012-08-19',NULL,NULL,NULL,NULL,'',NULL,'active',NULL,'','live','IT','','',''),
 (21,67,423,NULL,'2012-07-26',NULL,'20:00:00','2012-08-26',NULL,NULL,NULL,NULL,'',NULL,'active',NULL,'tanzhaus west','live','DE','tanzhaus west','',''),
 (22,11,379,NULL,'2012-08-01',NULL,'20:00:00','2012-09-01',NULL,NULL,NULL,NULL,'',NULL,'active',NULL,'rote sonne','dj','DE','rote sonne','',''),
 (23,11,177,NULL,'2012-08-29',NULL,'20:00:00','2012-09-29',NULL,NULL,NULL,NULL,'',NULL,'active',NULL,'die rakete','dj','DE','die rakete','',''),
 (24,11,18,NULL,'2012-08-30',NULL,'20:00:00','2012-09-30',NULL,NULL,NULL,NULL,'',NULL,'active',NULL,'','dj','NL','','',''),
 (25,11,57,NULL,'2012-09-19',NULL,'20:00:00','2012-10-19',NULL,NULL,NULL,NULL,'',NULL,'active',NULL,'','dj','BE','','',''),
 (26,11,256,NULL,'2012-09-20',NULL,'20:00:00','2012-10-20',NULL,NULL,NULL,NULL,'',NULL,'active',NULL,'kamikaze club','dj','DE','kamikaze club','',''),
 (27,11,52,NULL,'2012-10-04',NULL,'20:00:00','2012-11-04',NULL,NULL,NULL,NULL,'',NULL,'active',NULL,'','dj','CA','','http://www.antenne-a.com',''),
 (28,239,196,NULL,'2012-09-06',NULL,'20:00:00','2012-10-06',NULL,NULL,NULL,NULL,'',NULL,'active',NULL,'Electrowerkz','live','GB','Electrowerkz','',''),
 (29,239,466,NULL,'2012-10-03',NULL,'20:00:00','2012-11-03',NULL,NULL,NULL,NULL,'',NULL,'active',NULL,'Volksbühne','live','DE','Volksbühne','',''),
 (30,239,378,NULL,'2012-10-24',NULL,'20:00:00','2012-11-24',NULL,NULL,NULL,NULL,'',NULL,'active',NULL,'Rosi\'s','live','DE','Rosi\'s','',''),
 (31,11,172,NULL,'2012-10-05',NULL,'20:00:00','2012-11-05',NULL,NULL,NULL,NULL,'(live ambient)',NULL,'active',NULL,'Dawson College','live','DE','Dawson College','','(live ambient)'),
 (32,292,203,NULL,'2012-10-11',NULL,'20:00:00','2012-11-11',NULL,NULL,NULL,NULL,'',NULL,'active',NULL,'Factory Festival','live','FR','Factory Festival','',''),
 (33,292,222,NULL,'2012-09-19',NULL,'20:00:00','2012-10-19',NULL,NULL,NULL,NULL,'',NULL,'active',NULL,'Fri-Son','live','CH','Fri-Son','',''),
 (34,74,431,NULL,'2012-09-21',NULL,'20:00:00','2012-10-21',NULL,NULL,NULL,NULL,'',NULL,'active',NULL,'Terrasse du Troc','dj','CH','Terrasse du Troc','',''),
 (35,292,247,NULL,'2012-09-26',NULL,'20:00:00','2012-10-26',NULL,NULL,NULL,NULL,'',NULL,'active',NULL,'Immotion','dj','DE','Immotion','',''),
 (36,10,175,NULL,'2012-10-04',NULL,'20:00:00','2012-11-04',NULL,NULL,NULL,NULL,'',NULL,'active',NULL,'Debaser Festival','live','SE','Debaser Festival','',''),
 (37,292,475,NULL,'2012-10-04',NULL,'20:00:00','2012-11-04',NULL,NULL,NULL,NULL,'',NULL,'active',NULL,'Watt Club','dj','NL','Watt Club','',''),
 (38,74,121,NULL,'2012-10-08',NULL,'20:00:00','2012-11-08',NULL,NULL,NULL,NULL,'',NULL,'active',NULL,'Berghain Kantine','dj','DE','Berghain Kantine','',''),
 (39,18,121,NULL,'2012-10-08',NULL,'20:00:00','2012-11-08',NULL,NULL,NULL,NULL,'',NULL,'active',NULL,'Berghain Kantine','live','DE','Berghain Kantine','',''),
 (40,11,121,NULL,'2012-10-08',NULL,'20:00:00','2012-11-08',NULL,NULL,NULL,NULL,'',NULL,'active',NULL,'Berghain Kantine','dj','DE','Berghain Kantine','',''),
 (41,292,121,NULL,'2012-10-08',NULL,'20:00:00','2012-11-08',NULL,NULL,NULL,NULL,'at 23:00',NULL,'active',NULL,'Berghain Kantine','dj','DE','Berghain Kantine','','at 23:00'),
 (43,10,344,NULL,'2012-10-19',NULL,'20:00:00','2012-11-19',NULL,NULL,NULL,NULL,'',NULL,'active',NULL,'Panorama Festival','live','LB','Panorama Festival','',''),
 (44,74,121,NULL,'2012-10-22',NULL,'20:00:00','2012-11-22',NULL,NULL,NULL,NULL,'',NULL,'active',NULL,'Berghain Kantine','live','DE','Berghain Kantine','',''),
 (45,11,158,NULL,'2012-10-28',NULL,'20:00:00','2012-11-28',NULL,NULL,NULL,NULL,'w/ Band',NULL,'active',NULL,'Conne Island','live','DE','Conne Island','','w/ Band'),
 (46,239,158,NULL,'2012-10-28',NULL,'20:00:00','2012-11-28',NULL,NULL,NULL,NULL,'',NULL,'active',NULL,'Conne Island','live','DE','Conne Island','',''),
 (47,11,242,NULL,'2012-10-29',NULL,'20:00:00','2012-11-29',NULL,NULL,NULL,NULL,'w/ Band',NULL,'active',NULL,'Hive Club','live','CH','Hive Club','','w/ Band'),
 (48,11,171,NULL,'2012-10-31',NULL,'20:00:00','2012-11-30',NULL,NULL,NULL,NULL,'w/ Band',NULL,'active',NULL,'Dachstock','live','CH','Dachstock','','w/ Band'),
 (49,11,288,NULL,'2012-11-01',NULL,'20:00:00','2012-12-01',NULL,NULL,NULL,NULL,'w/ Band',NULL,'active',NULL,'Le Zoo','live','CH','Le Zoo','','w/ Band'),
 (50,292,392,NULL,'2012-11-01',NULL,'20:00:00','2012-12-01',NULL,NULL,NULL,NULL,'Album Release Party',NULL,'active',NULL,'Scala','live','DE','Scala','','Album Release Party'),
 (51,10,231,NULL,'2012-11-06',NULL,'20:00:00','2012-12-06',NULL,NULL,NULL,NULL,'w/ Band',NULL,'active',NULL,'Goethe Institut Tour','live','BR','Goethe Institut Tour','','w/ Band'),
 (52,11,318,NULL,'2012-11-06',NULL,'20:00:00','2012-12-06',NULL,NULL,NULL,NULL,'w/ Band',NULL,'active',NULL,'Mod','live','BE','Mod','','w/ Band'),
 (53,11,351,NULL,'2012-11-07',NULL,'20:00:00','2012-12-07',NULL,NULL,NULL,NULL,'w/ Band',NULL,'active',NULL,'Petrol','live','BE','Petrol','','w/ Band'),
 (54,10,162,NULL,'2012-11-08',NULL,'20:00:00','2012-12-08',NULL,NULL,NULL,NULL,'',NULL,'active',NULL,'Creamfields Festival','live','AR','Creamfields Festival','',''),
 (55,10,230,NULL,'2012-11-11',NULL,'20:00:00','2012-12-11',NULL,NULL,NULL,NULL,'w/ Band',NULL,'active',NULL,'Goethe Institut Tour','live','BO','Goethe Institut Tour','','w/ Band'),
 (56,10,232,NULL,'2012-11-15',NULL,'20:00:00','2012-12-15',NULL,NULL,NULL,NULL,'w/ Band',NULL,'active',NULL,'Goethe Institut Tour','live','VE','Goethe Institut Tour','','w/ Band'),
 (57,10,229,NULL,'2012-11-17',NULL,'20:00:00','2012-12-17',NULL,NULL,NULL,NULL,'w/ Band',NULL,'active',NULL,'Goethe Institut Tour','live','EC','Goethe Institut Tour','','w/ Band'),
 (59,292,181,NULL,'2012-11-21',NULL,'20:00:00','2012-12-21',NULL,NULL,NULL,NULL,'',NULL,'active',NULL,'Disco Discount','dj','DE','Disco Discount','',''),
 (60,10,383,NULL,'2012-12-03',NULL,'20:00:00','2013-01-03',NULL,NULL,NULL,NULL,'w/ Band',NULL,'active',NULL,'Roxy','live','CZ','Roxy','','w/ Band'),
 (61,292,448,NULL,'2012-12-06',NULL,'20:00:00','2013-01-06',NULL,NULL,NULL,NULL,'',NULL,'active',NULL,'Trans Musicales','live','FR','Trans Musicales','',''),
 (62,18,115,NULL,'2012-10-18',NULL,'20:00:00','2012-11-18',NULL,NULL,NULL,NULL,'',NULL,'active',NULL,'Bar23','dj','DE','Bar23','',''),
 (63,18,59,NULL,'2012-10-24',NULL,'20:00:00','2012-11-24',NULL,NULL,NULL,NULL,'',NULL,'active',NULL,'','live','IT','','',''),
 (64,18,390,NULL,'2012-11-14',NULL,'20:00:00','2012-12-14',NULL,NULL,NULL,NULL,'',NULL,'active',NULL,'Saponeria Club','live','IT','Saponeria Club','',''),
 (65,18,167,NULL,'2012-12-19',NULL,'20:00:00','2013-01-19',NULL,NULL,NULL,NULL,'',NULL,'active',NULL,'Culture Box','live','DK','Culture Box','',''),
 (66,11,353,NULL,'2012-10-30',NULL,'20:00:00','2012-11-30',NULL,NULL,NULL,NULL,'(live band)',NULL,'active',NULL,'PKM','live','AT','PKM','','(live band)'),
 (67,11,445,NULL,'2012-11-05',NULL,'20:00:00','2012-12-05',NULL,NULL,NULL,NULL,'(live band)',NULL,'active',NULL,'Tivoli','live','NL','Tivoli','','(live band)'),
 (68,11,461,NULL,'2012-11-08',NULL,'20:00:00','2012-12-08',NULL,NULL,NULL,NULL,'(live band)',NULL,'active',NULL,'Vera','live','NL','Vera','','(live band)'),
 (69,11,466,NULL,'2012-12-05',NULL,'20:00:00','2013-01-05',NULL,NULL,NULL,NULL,'(live band)',NULL,'active',NULL,'Volksbühne','live','DE','Volksbühne','','(live band)'),
 (70,11,455,NULL,'2012-12-08',NULL,'20:00:00','2013-01-08',NULL,NULL,NULL,NULL,'(live band)',NULL,'active',NULL,'Uebel und Gefährlich','live','DE','Uebel und Gefährlich','','(live band)'),
 (71,239,242,NULL,'2012-10-29',NULL,'20:00:00','2012-11-29',NULL,NULL,NULL,NULL,'',NULL,'active',NULL,'Hive Club','live','CH','Hive Club','',''),
 (72,239,353,NULL,'2012-10-30',NULL,'20:00:00','2012-11-30',NULL,NULL,NULL,NULL,'',NULL,'active',NULL,'PKM','live','AT','PKM','',''),
 (73,239,171,NULL,'2012-10-31',NULL,'20:00:00','2012-11-30',NULL,NULL,NULL,NULL,'',NULL,'active',NULL,'Dachstock','live','CH','Dachstock','',''),
 (74,239,288,NULL,'2012-11-01',NULL,'20:00:00','2012-12-01',NULL,NULL,NULL,NULL,'',NULL,'active',NULL,'Le Zoo','live','CH','Le Zoo','',''),
 (75,239,445,NULL,'2012-11-05',NULL,'20:00:00','2012-12-05',NULL,NULL,NULL,NULL,'',NULL,'active',NULL,'Tivoli','live','NL','Tivoli','',''),
 (76,239,318,NULL,'2012-11-06',NULL,'20:00:00','2012-12-06',NULL,NULL,NULL,NULL,'',NULL,'active',NULL,'Mod','live','BE','Mod','',''),
 (77,239,351,NULL,'2012-11-07',NULL,'20:00:00','2012-12-07',NULL,NULL,NULL,NULL,'',NULL,'active',NULL,'Petrol','live','BE','Petrol','',''),
 (78,239,461,NULL,'2012-11-08',NULL,'20:00:00','2012-12-08',NULL,NULL,NULL,NULL,'',NULL,'active',NULL,'Vera','live','NL','Vera','',''),
 (79,239,466,NULL,'2012-12-05',NULL,'20:00:00','2013-01-05',NULL,NULL,NULL,NULL,'',NULL,'active',NULL,'Volksbühne','live','DE','Volksbühne','',''),
 (80,239,455,NULL,'2012-12-08',NULL,'20:00:00','2013-01-08',NULL,NULL,NULL,NULL,'',NULL,'active',NULL,'Uebel und Gefährlich','live','DE','Uebel und Gefährlich','',''),
 (81,239,418,NULL,'2012-11-25',NULL,'20:00:00','2012-12-25',NULL,NULL,NULL,NULL,'',NULL,'active',NULL,'Subclub','live','SK','Subclub','',''),
 (82,239,212,NULL,'2012-11-26',NULL,'20:00:00','2012-12-26',NULL,NULL,NULL,NULL,'',NULL,'active',NULL,'Fleda','live','CZ','Fleda','',''),
 (83,239,359,NULL,'2012-11-27',NULL,'20:00:00','2012-12-27',NULL,NULL,NULL,NULL,'',NULL,'active',NULL,'Prostor Abaton','live','CZ','Prostor Abaton','',''),
 (84,11,405,NULL,'2012-11-22',NULL,'20:00:00','2012-12-22',NULL,NULL,NULL,NULL,'(live band)',NULL,'active',NULL,'Soco','live','DE','Soco','','(live band)'),
 (85,11,109,NULL,'2012-12-06',NULL,'20:00:00','2013-01-06',NULL,NULL,NULL,NULL,'(live band)',NULL,'active',NULL,'Atak','live','NL','Atak','','(live band)'),
 (86,11,312,NULL,'2012-12-07',NULL,'20:00:00','2013-01-07',NULL,NULL,NULL,NULL,'(live band)',NULL,'active',NULL,'Melkweg','live','NL','Melkweg','','(live band)'),
 (87,292,371,NULL,'2012-11-14',NULL,'20:00:00','2012-12-14',NULL,NULL,NULL,NULL,'',NULL,'active',NULL,'Rialto','dj','IT','Rialto','',''),
 (88,292,405,NULL,'2012-11-22',NULL,'20:00:00','2012-12-22',NULL,NULL,NULL,NULL,'',NULL,'active',NULL,'Soco','dj','DE','Soco','',''),
 (89,292,417,NULL,'2012-11-28',NULL,'20:00:00','2012-12-28',NULL,NULL,NULL,NULL,'',NULL,'active',NULL,'Sub Club','dj','GB','Sub Club','',''),
 (90,292,184,NULL,'2012-12-03',NULL,'20:00:00','2013-01-03',NULL,NULL,NULL,NULL,'ft. Tunde Olaniran',NULL,'active',NULL,'DOT','live','DE','DOT','','ft. Tunde Olaniran'),
 (91,292,426,NULL,'2012-12-05',NULL,'20:00:00','2013-01-05',NULL,NULL,NULL,NULL,'ft. Tunde Olaniran',NULL,'active',NULL,'tba','live','HR','tba','','ft. Tunde Olaniran'),
 (92,292,55,NULL,'2012-12-12',NULL,'20:00:00','2013-01-12',NULL,NULL,NULL,NULL,'ft. Tunde Olaniran',NULL,'active',NULL,'','live','FR','','','ft. Tunde Olaniran'),
 (93,292,272,NULL,'2012-12-13',NULL,'20:00:00','2013-01-13',NULL,NULL,NULL,NULL,'ft. Tunde Olaniran',NULL,'active',NULL,'L\'usine','live','CH','L\'usine','','ft. Tunde Olaniran'),
 (94,292,422,NULL,'2012-12-27',NULL,'20:00:00','2013-01-27',NULL,NULL,NULL,NULL,'',NULL,'active',NULL,'Sweat Club','dj','DE','Sweat Club','',''),
 (95,292,309,NULL,'2012-12-31',NULL,'20:00:00','2013-01-31',NULL,NULL,NULL,NULL,'',NULL,'active',NULL,'Maria','dj','DE','Maria','http://www.clubmaria.de/',''),
 (96,292,217,NULL,'2013-01-08',NULL,'20:00:00','2013-02-08',NULL,NULL,NULL,NULL,'',NULL,'active',NULL,'Foo Club','dj','DE','Foo Club','',''),
 (97,11,355,NULL,'2012-12-19',NULL,'20:00:00','2013-01-19',NULL,NULL,NULL,NULL,'',NULL,'active',NULL,'Plano B','dj','PT','Plano B','',''),
 (98,11,386,NULL,'2012-12-20',NULL,'20:00:00','2013-01-20',NULL,NULL,NULL,NULL,'',NULL,'active',NULL,'Sala Becool','dj','ES','Sala Becool','',''),
 (99,11,309,NULL,'2012-12-31',NULL,'20:00:00','2013-01-31',NULL,NULL,NULL,NULL,'',NULL,'active',NULL,'Maria','dj','DE','Maria','http://www.clubmaria.de/',''),
 (100,11,281,NULL,'2013-01-10',NULL,'20:00:00','2013-02-10',NULL,NULL,NULL,NULL,'',NULL,'active',NULL,'Le Batofaar','dj','FR','Le Batofaar','',''),
 (102,11,192,NULL,'2013-02-20',NULL,'20:00:00','2013-03-20',NULL,NULL,NULL,NULL,'',NULL,'active',NULL,'Edma','dj','BE','Edma','',''),
 (103,11,395,NULL,'2013-02-21',NULL,'20:00:00','2013-03-21',NULL,NULL,NULL,NULL,'',NULL,'active',NULL,'Schwarzes Schaf','dj','DE','Schwarzes Schaf','',''),
 (105,18,394,NULL,'2013-01-31',NULL,'20:00:00','2013-02-28',NULL,NULL,NULL,NULL,'',NULL,'active',NULL,'Schruppschuppen','live','DE','Schruppschuppen','',''),
 (106,18,185,NULL,'2013-02-21',NULL,'20:00:00','2013-03-21',NULL,NULL,NULL,NULL,'',NULL,'active',NULL,'Douala','live','DE','Douala','',''),
 (107,18,253,NULL,'2013-02-27',NULL,'20:00:00','2013-03-27',NULL,NULL,NULL,NULL,'',NULL,'active',NULL,'Josef','live','DE','Josef','',''),
 (109,10,309,NULL,'2012-12-31',NULL,'20:00:00','2013-01-31',NULL,NULL,NULL,NULL,'Live + Skate',NULL,'active',NULL,'Maria','dj','DE','Maria','http://www.clubmaria.de/','Live + Skate'),
 (110,10,474,NULL,'2012-12-04',NULL,'20:00:00','2013-01-04',NULL,NULL,NULL,NULL,'',NULL,'active',NULL,'Watergate','live','DE','Watergate','',''),
 (111,74,105,NULL,'2012-12-06',NULL,'20:00:00','2013-01-06',NULL,NULL,NULL,NULL,'',NULL,'active',NULL,'Arena Club','live','DE','Arena Club','',''),
 (112,10,165,NULL,'2012-12-12',NULL,'20:00:00','2013-01-12',NULL,NULL,NULL,NULL,'',NULL,'active',NULL,'Cubic','live','GE','Cubic','',''),
 (113,10,161,NULL,'2012-12-13',NULL,'20:00:00','2013-01-13',NULL,NULL,NULL,NULL,'',NULL,'active',NULL,'Craw Daddy','live','IE','Craw Daddy','',''),
 (114,10,149,NULL,'2012-12-20',NULL,'20:00:00','2013-01-20',NULL,NULL,NULL,NULL,'',NULL,'active',NULL,'Club','live','ES','Club','',''),
 (115,10,361,NULL,'2012-12-26',NULL,'20:00:00','2013-01-26',NULL,NULL,NULL,NULL,'',NULL,'active',NULL,'Pushkin','live','DE','Pushkin','',''),
 (116,10,182,NULL,'2012-12-27',NULL,'20:00:00','2013-01-27',NULL,NULL,NULL,NULL,'',NULL,'active',NULL,'Distillery','live','DE','Distillery','',''),
 (118,10,301,NULL,'2012-01-31',NULL,'20:00:00','2012-02-29',NULL,NULL,NULL,NULL,'',NULL,'active',NULL,'Low Club','live','ES','Low Club','',''),
 (119,74,233,NULL,'2012-12-20',NULL,'20:00:00','2013-01-20',NULL,NULL,NULL,NULL,'',NULL,'active',NULL,'Golden Gate','dj','DE','Golden Gate','',''),
 (120,74,309,NULL,'2013-01-25',NULL,'20:00:00','2013-02-25',NULL,NULL,NULL,NULL,'ambient show',NULL,'active',NULL,'Maria','dj','DE','Maria','','ambient show'),
 (121,74,475,NULL,'2013-01-29',NULL,'20:00:00','2013-02-28',NULL,NULL,NULL,NULL,'',NULL,'active',NULL,'Watt Club','dj','NL','Watt Club','',''),
 (122,10,301,NULL,'2013-01-31',NULL,'20:00:00','2013-02-28',NULL,NULL,NULL,NULL,'',NULL,'active',NULL,'Low Club','live','ES','Low Club','',''),
 (123,74,301,NULL,'2013-01-31',NULL,'20:00:00','2013-02-28',NULL,NULL,NULL,NULL,'',NULL,'active',NULL,'Low Club','dj','ES','Low Club','',''),
 (124,11,309,NULL,'2013-01-25',NULL,'20:00:00','2013-02-25',NULL,NULL,NULL,NULL,'live ambient show',NULL,'active',NULL,'Maria','live','DE','Maria','','live ambient show'),
 (125,24,233,NULL,'2012-12-20',NULL,'20:00:00','2013-01-20',NULL,NULL,NULL,NULL,'',NULL,'active',NULL,'Golden Gate','live','DE','Golden Gate','http://www.myspace.com/goldengateclubberlin',''),
 (126,24,123,NULL,'2012-12-31',NULL,'20:00:00','2013-01-31',NULL,NULL,NULL,NULL,'',NULL,'active',NULL,'BHC.HBC','live','DE','BHC.HBC','http://www.myspace.com/bhckollektiv',''),
 (127,24,157,NULL,'2013-01-09',NULL,'20:00:00','2013-02-09',NULL,NULL,NULL,NULL,'',NULL,'active',NULL,'Colors Studio','live','JP','Colors Studio','',''),
 (128,24,148,NULL,'2013-01-10',NULL,'20:00:00','2013-02-10',NULL,NULL,NULL,NULL,'',NULL,'active',NULL,'Clapper','live','JP','Clapper','http://www.clapper.jp',''),
 (129,24,155,NULL,'2013-01-11',NULL,'20:00:00','2013-02-11',NULL,NULL,NULL,NULL,'',NULL,'active',NULL,'Club Looop','live','JP','Club Looop','',''),
 (130,298,404,NULL,'2013-01-01',NULL,'20:00:00','2013-02-01',NULL,NULL,NULL,NULL,'',NULL,'active',NULL,'SO36','dj','DE','SO36','',''),
 (131,298,121,NULL,'2013-01-14',NULL,'20:00:00','2013-02-14',NULL,NULL,NULL,NULL,'',NULL,'active',NULL,'Berghain Kantine','dj','DE','Berghain Kantine','http://www.killekill.com',''),
 (132,10,475,NULL,'2013-01-29',NULL,'20:00:00','2013-02-28',NULL,NULL,NULL,NULL,'',NULL,'active',NULL,'Watt Club','live','NL','Watt Club','',''),
 (133,10,25,NULL,'2013-02-06',NULL,'20:00:00','2013-03-06',NULL,NULL,NULL,NULL,'',NULL,'active',NULL,'','live','IT','','',''),
 (134,10,132,NULL,'2013-02-07',NULL,'20:00:00','2013-03-07',NULL,NULL,NULL,NULL,'',NULL,'active',NULL,'Branca Leone','live','IT','Branca Leone','',''),
 (135,10,314,NULL,'2013-02-20',NULL,'20:00:00','2013-03-20',NULL,NULL,NULL,NULL,'',NULL,'active',NULL,'Meta Morfx','live','AT','Meta Morfx','',''),
 (136,10,242,NULL,'2013-02-21',NULL,'20:00:00','2013-03-21',NULL,NULL,NULL,NULL,'',NULL,'active',NULL,'Hive Club','live','CH','Hive Club','',''),
 (137,10,61,NULL,'2013-02-28',NULL,'20:00:00','2013-03-28',NULL,NULL,NULL,NULL,'',NULL,'active',NULL,'','live','RU','','',''),
 (139,10,292,NULL,'2013-03-21',NULL,'20:00:00','2013-04-21',NULL,NULL,NULL,NULL,'',NULL,'active',NULL,'Lick The Click','live','HU','Lick The Click','',''),
 (140,10,458,NULL,'2013-04-10',NULL,'20:00:00','2013-05-10',NULL,NULL,NULL,NULL,'',NULL,'active',NULL,'Unit Club','live','JP','Unit Club','',''),
 (141,18,314,NULL,'2013-02-20',NULL,'20:00:00','2013-03-20',NULL,NULL,NULL,NULL,'',NULL,'active',NULL,'Meta Morfx','live','AT','Meta Morfx','',''),
 (142,11,237,NULL,'2013-01-30',NULL,'20:00:00','2013-02-28',NULL,NULL,NULL,NULL,'',NULL,'active',NULL,'Hafenklang','dj','DE','Hafenklang','',''),
 (143,11,483,NULL,'2013-02-07',NULL,'20:00:00','2013-03-07',NULL,NULL,NULL,NULL,'',NULL,'active',NULL,'Xlib Club','dj','UA','Xlib Club','',''),
 (144,11,450,NULL,'2013-02-12',NULL,'20:00:00','2013-03-12',NULL,NULL,NULL,NULL,'',NULL,'active',NULL,'Tresor','dj','DE','Tresor','',''),
 (145,11,188,NULL,'2013-02-14',NULL,'20:00:00','2013-03-14',NULL,NULL,NULL,NULL,'',NULL,'active',NULL,'E-lectribe','dj','DE','E-lectribe','',''),
 (146,292,264,NULL,'2013-01-30',NULL,'20:00:00','2013-02-28',NULL,NULL,NULL,NULL,'',NULL,'active',NULL,'Kino International','dj','DE','Kino International','',''),
 (147,292,271,NULL,'2013-01-31',NULL,'20:00:00','2013-02-28',NULL,NULL,NULL,NULL,'',NULL,'active',NULL,'L\'Astrolabe','live','FR','L\'Astrolabe','',''),
 (148,292,77,NULL,'2013-03-20',NULL,'20:00:00','2013-04-20',NULL,NULL,NULL,NULL,'',NULL,'active',NULL,'','live','US','','',''),
 (149,298,392,NULL,'2013-02-06',NULL,'20:00:00','2013-03-06',NULL,NULL,NULL,NULL,'',NULL,'active',NULL,'Scala','dj','DE','Scala','',''),
 (150,298,404,NULL,'2013-02-09',NULL,'20:00:00','2013-03-09',NULL,NULL,NULL,NULL,'',NULL,'active',NULL,'SO36','dj','DE','SO36','',''),
 (151,298,121,NULL,'2013-02-11',NULL,'20:00:00','2013-03-11',NULL,NULL,NULL,NULL,'',NULL,'active',NULL,'Berghain Kantine','dj','DE','Berghain Kantine','',''),
 (152,298,121,NULL,'2013-02-25',NULL,'20:00:00','2013-03-25',NULL,NULL,NULL,NULL,'',NULL,'active',NULL,'Berghain Kantine','dj','DE','Berghain Kantine','',''),
 (153,10,179,NULL,'2013-02-27',NULL,'20:00:00','2013-03-27',NULL,NULL,NULL,NULL,'',NULL,'active',NULL,'Digger Club','live','RU','Digger Club','',''),
 (154,10,92,NULL,'2013-03-01',NULL,'20:00:00','2013-04-01',NULL,NULL,NULL,NULL,'',NULL,'active',NULL,'A2','live','RU','A2','',''),
 (155,10,466,NULL,'2013-03-08',NULL,'20:00:00','2013-04-08',NULL,NULL,NULL,NULL,'',NULL,'active',NULL,'Volksbühne','dj','DE','Volksbühne','',''),
 (156,10,248,NULL,'2013-03-28',NULL,'20:00:00','2013-04-28',NULL,NULL,NULL,NULL,'',NULL,'active',NULL,'Industrial Copera','live','ES','Industrial Copera','',''),
 (157,10,156,NULL,'2013-04-11',NULL,'20:00:00','2013-05-11',NULL,NULL,NULL,NULL,'',NULL,'active',NULL,'Club Vito','live','JP','Club Vito','',''),
 (158,74,121,NULL,'2013-03-18',NULL,'20:00:00','2013-04-18',NULL,NULL,NULL,NULL,'',NULL,'active',NULL,'Berghain Kantine','live','DE','Berghain Kantine','',''),
 (159,74,455,NULL,'2013-05-01',NULL,'20:00:00','2013-06-01',NULL,NULL,NULL,NULL,'',NULL,'active',NULL,'Uebel und Gefährlich','live','DE','Uebel und Gefährlich','',''),
 (160,74,208,NULL,'2013-05-08',NULL,'20:00:00','2013-06-08',NULL,NULL,NULL,NULL,'',NULL,'active',NULL,'Festsaal Kreuzberg','live','DE','Festsaal Kreuzberg','',''),
 (161,16,158,NULL,'2013-04-28',NULL,'20:00:00','2013-05-28',NULL,NULL,NULL,NULL,'',NULL,'active',NULL,'Conne Island','live','DE','Conne Island','',''),
 (162,16,187,NULL,'2013-04-29',NULL,'20:00:00','2013-05-29',NULL,NULL,NULL,NULL,'',NULL,'active',NULL,'Druckluft','live','DE','Druckluft','',''),
 (163,16,373,NULL,'2013-04-30',NULL,'20:00:00','2013-05-30',NULL,NULL,NULL,NULL,'',NULL,'active',NULL,'Rock in Ruinen','live','DE','Rock in Ruinen','',''),
 (164,16,455,NULL,'2013-05-01',NULL,'20:00:00','2013-06-01',NULL,NULL,NULL,NULL,'',NULL,'active',NULL,'Uebel und Gefährlich','live','DE','Uebel und Gefährlich','',''),
 (165,16,208,NULL,'2013-05-08',NULL,'20:00:00','2013-06-08',NULL,NULL,NULL,NULL,'',NULL,'active',NULL,'Festsaal Kreuzberg','live','DE','Festsaal Kreuzberg','',''),
 (166,298,121,NULL,'2013-03-18',NULL,'20:00:00','2013-04-18',NULL,NULL,NULL,NULL,'',NULL,'active',NULL,'Berghain Kantine','dj','DE','Berghain Kantine','',''),
 (167,298,321,NULL,'2013-03-25',NULL,'20:00:00','2013-04-25',NULL,NULL,NULL,NULL,'',NULL,'active',NULL,'Moog','dj','ES','Moog','',''),
 (169,11,447,NULL,'2013-03-13',NULL,'20:00:00','2013-04-13',NULL,NULL,NULL,NULL,'',NULL,'active',NULL,'Tower','dj','DE','Tower','',''),
 (170,11,120,NULL,'2013-03-18',NULL,'20:00:00','2013-04-18',NULL,NULL,NULL,NULL,'ambient set',NULL,'active',NULL,'Berghain','dj','DE','Berghain','','ambient set'),
 (171,11,301,NULL,'2013-04-25',NULL,'20:00:00','2013-05-25',NULL,NULL,NULL,NULL,'',NULL,'active',NULL,'Low Club','dj','ES','Low Club','',''),
 (172,11,455,NULL,'2013-05-01',NULL,'20:00:00','2013-06-01',NULL,NULL,NULL,NULL,'',NULL,'active',NULL,'Uebel und Gefährlich','dj','DE','Uebel und Gefährlich','',''),
 (173,11,208,NULL,'2013-05-08',NULL,'20:00:00','2013-06-08',NULL,NULL,NULL,NULL,'',NULL,'active',NULL,'Festsaal Kreuzberg','dj','DE','Festsaal Kreuzberg','',''),
 (175,292,336,NULL,'2013-03-05',NULL,'20:00:00','2013-04-05',NULL,NULL,NULL,NULL,'',NULL,'active',NULL,'Nouveau Casino','live','FR','Nouveau Casino','',''),
 (176,292,309,NULL,'2013-03-06',NULL,'20:00:00','2013-04-06',NULL,NULL,NULL,NULL,'',NULL,'active',NULL,'Maria','live','DE','Maria','',''),
 (177,292,258,NULL,'2013-03-21',NULL,'20:00:00','2013-04-21',NULL,NULL,NULL,NULL,'',NULL,'active',NULL,'Karma Lounge','live','US','Karma Lounge','',''),
 (178,292,280,NULL,'2013-03-22',NULL,'20:00:00','2013-04-22',NULL,NULL,NULL,NULL,'',NULL,'active',NULL,'Lax','live','US','Lax','',''),
 (179,292,225,NULL,'2013-03-27',NULL,'20:00:00','2013-04-27',NULL,NULL,NULL,NULL,'',NULL,'active',NULL,'Gallery','live','US','Gallery','',''),
 (180,292,442,NULL,'2013-03-28',NULL,'20:00:00','2013-04-28',NULL,NULL,NULL,NULL,'',NULL,'active',NULL,'The Studio','live','US','The Studio','',''),
 (181,292,234,NULL,'2013-03-29',NULL,'20:00:00','2013-04-29',NULL,NULL,NULL,NULL,'',NULL,'active',NULL,'Grasslands','live','US','Grasslands','',''),
 (182,292,330,NULL,'2013-04-02',NULL,'20:00:00','2013-05-02',NULL,NULL,NULL,NULL,'',NULL,'active',NULL,'Nectar Lounge','live','US','Nectar Lounge','',''),
 (183,11,227,NULL,'2013-05-20',NULL,'20:00:00','2013-06-20',NULL,NULL,NULL,NULL,'',NULL,'active',NULL,'Gloria','dj','DE','Gloria','',''),
 (184,11,69,NULL,'2013-07-31',NULL,'20:00:00','2013-08-31',NULL,NULL,NULL,NULL,'',NULL,'active',NULL,'','dj','DE','','',''),
 (185,292,408,NULL,'2013-03-18',NULL,'20:00:00','2013-04-18',NULL,NULL,NULL,NULL,'',NULL,'active',NULL,'Spanish Moon','live','US','Spanish Moon','',''),
 (186,292,368,NULL,'2013-03-23',NULL,'20:00:00','2013-04-23',NULL,NULL,NULL,NULL,'',NULL,'active',NULL,'Republic','live','US','Republic','',''),
 (187,292,251,NULL,'2013-03-30',NULL,'20:00:00','2013-04-30',NULL,NULL,NULL,NULL,'',NULL,'active',NULL,'Jang House','live','US','Jang House','',''),
 (188,292,142,NULL,'2013-03-31',NULL,'20:00:00','2013-04-30',NULL,NULL,NULL,NULL,'',NULL,'active',NULL,'Cinespace','live','US','Cinespace','',''),
 (189,292,346,NULL,'2013-04-03',NULL,'20:00:00','2013-05-03',NULL,NULL,NULL,NULL,'',NULL,'active',NULL,'Paradise Lounge','live','US','Paradise Lounge','',''),
 (190,292,374,NULL,'2013-04-10',NULL,'20:00:00','2013-05-10',NULL,NULL,NULL,NULL,'',NULL,'active',NULL,'Rocker33','dj','DE','Rocker33','',''),
 (191,292,206,NULL,'2013-04-17',NULL,'20:00:00','2013-05-17',NULL,NULL,NULL,NULL,'',NULL,'active',NULL,'Faust','dj','DE','Faust','',''),
 (192,292,360,NULL,'2013-04-19',NULL,'20:00:00','2013-05-19',NULL,NULL,NULL,NULL,'',NULL,'active',NULL,'Pudel Club','dj','DE','Pudel Club','',''),
 (193,11,178,NULL,'2013-05-15',NULL,'20:00:00','2013-06-15',NULL,NULL,NULL,NULL,'',NULL,'active',NULL,'Die Registratur','live','DE','Die Registratur','',''),
 (194,11,473,NULL,'2013-05-16',NULL,'20:00:00','2013-06-16',NULL,NULL,NULL,NULL,'',NULL,'active',NULL,'Wagenhallen','live','DE','Wagenhallen','',''),
 (195,11,490,NULL,'2013-04-17',NULL,'20:00:00','2013-05-17',NULL,NULL,NULL,NULL,'',NULL,'active',NULL,'Zooma','dj','DE','Zooma','',''),
 (196,11,176,NULL,'2013-04-12',NULL,'20:00:00','2013-05-12',NULL,NULL,NULL,NULL,'',NULL,'active',NULL,'Die Rakete','dj','DE','Die Rakete','',''),
 (197,11,269,NULL,'2013-05-02',NULL,'20:00:00','2013-06-02',NULL,NULL,NULL,NULL,'',NULL,'active',NULL,'Kugl','dj','CH','Kugl','',''),
 (198,11,206,NULL,'2013-05-14',NULL,'20:00:00','2013-06-14',NULL,NULL,NULL,NULL,'',NULL,'active',NULL,'Faust','live','DE','Faust','',''),
 (199,11,309,NULL,'2013-05-23',NULL,'20:00:00','2013-06-23',NULL,NULL,NULL,NULL,'',NULL,'active',NULL,'Maria','dj','DE','Maria','',''),
 (200,16,452,NULL,'2013-04-24',NULL,'20:00:00','2013-05-24',NULL,NULL,NULL,NULL,'',NULL,'active',NULL,'Turm','live','DE','Turm','',''),
 (201,16,206,NULL,'2013-05-14',NULL,'20:00:00','2013-06-14',NULL,NULL,NULL,NULL,'',NULL,'active',NULL,'Faust','live','DE','Faust','',''),
 (202,16,178,NULL,'2013-05-15',NULL,'20:00:00','2013-06-15',NULL,NULL,NULL,NULL,'',NULL,'active',NULL,'Die Registratur','live','DE','Die Registratur','',''),
 (203,16,473,NULL,'2013-05-16',NULL,'20:00:00','2013-06-16',NULL,NULL,NULL,NULL,'',NULL,'active',NULL,'Wagenhallen','live','DE','Wagenhallen','',''),
 (204,11,297,NULL,'2013-08-01',NULL,'20:00:00','2013-09-01',NULL,NULL,NULL,NULL,'',NULL,'active',NULL,'Loft','dj','ES','Loft','',''),
 (205,308,98,NULL,'2013-04-11',NULL,'20:00:00','2013-05-11',NULL,NULL,NULL,NULL,'',NULL,'active',NULL,'Ageha','live','JP','Ageha','',''),
 (206,308,67,NULL,'2013-04-25',NULL,'20:00:00','2013-05-25',NULL,NULL,NULL,NULL,'',NULL,'active',NULL,'','live','DE','','',''),
 (207,308,186,NULL,'2013-04-30',NULL,'20:00:00','2013-05-30',NULL,NULL,NULL,NULL,'',NULL,'active',NULL,'Dragon Ball','live','FR','Dragon Ball','',''),
 (208,308,289,NULL,'2013-05-02',NULL,'20:00:00','2013-06-02',NULL,NULL,NULL,NULL,'',NULL,'active',NULL,'Le Zoo','live','CH','Le Zoo','',''),
 (209,308,16,NULL,'2013-08-15',NULL,'20:00:00','2013-09-15',NULL,NULL,NULL,NULL,'',NULL,'active',NULL,'','live','BE','','',''),
 (210,298,404,NULL,'2013-04-06',NULL,'20:00:00','2013-05-06',NULL,NULL,NULL,NULL,'',NULL,'active',NULL,'SO36','dj','DE','SO36','',''),
 (211,298,121,NULL,'2013-04-22',NULL,'20:00:00','2013-05-22',NULL,NULL,NULL,NULL,'',NULL,'active',NULL,'Berghain Kantine','dj','DE','Berghain Kantine','',''),
 (212,298,208,NULL,'2013-05-08',NULL,'20:00:00','2013-06-08',NULL,NULL,NULL,NULL,'',NULL,'active',NULL,'Festsaal Kreuzberg','dj','DE','Festsaal Kreuzberg','',''),
 (213,308,375,NULL,'2013-05-06',NULL,'20:00:00','2013-06-06',NULL,NULL,NULL,NULL,'w/ Depeche Mode',NULL,'active',NULL,'Rockhal','live','LU','Rockhal','','w/ Depeche Mode'),
 (214,308,430,NULL,'2013-05-12',NULL,'20:00:00','2013-06-12',NULL,NULL,NULL,NULL,'w/ Depeche Mode',NULL,'active',NULL,'Terra Vibe Park','live','GR','Terra Vibe Park','','w/ Depeche Mode'),
 (215,308,348,NULL,'2013-05-16',NULL,'20:00:00','2013-06-16',NULL,NULL,NULL,NULL,'w/ Depeche Mode',NULL,'active',NULL,'Park Izvor','live','RO','Park Izvor','','w/ Depeche Mode'),
 (216,308,459,NULL,'2013-05-18',NULL,'20:00:00','2013-06-18',NULL,NULL,NULL,NULL,'w/ Depeche Mode',NULL,'active',NULL,'Vassil Levski','live','BG','Vassil Levski','','w/ Depeche Mode'),
 (218,308,104,NULL,'2013-05-21',NULL,'20:00:00','2013-06-21',NULL,NULL,NULL,NULL,'w/ Depeche Mode',NULL,'active',NULL,'Arena','live','HR','Arena','','w/ Depeche Mode'),
 (219,308,236,NULL,'2013-05-23',NULL,'20:00:00','2013-06-23',NULL,NULL,NULL,NULL,'w/ Depeche Mode',NULL,'active',NULL,'Gwardia Stadium','live','PL','Gwardia Stadium','','w/ Depeche Mode'),
 (220,308,403,NULL,'2013-05-25',NULL,'20:00:00','2013-06-25',NULL,NULL,NULL,NULL,'w/ Depeche Mode',NULL,'active',NULL,'Skonto Stadium','live','LV','Skonto Stadium','','w/ Depeche Mode'),
 (221,308,484,NULL,'2013-05-27',NULL,'20:00:00','2013-06-27',NULL,NULL,NULL,NULL,'w/ Depeche Mode',NULL,'active',NULL,'Zalgirio Stadionas','live','LT','Zalgirio Stadionas','','w/ Depeche Mode'),
 (222,308,33,NULL,'2013-06-20',NULL,'20:00:00','2013-07-20',NULL,NULL,NULL,NULL,'w/ Depeche Mode',NULL,'active',NULL,'','live','BE','','','w/ Depeche Mode'),
 (223,308,249,NULL,'2013-06-22',NULL,'20:00:00','2013-07-22',NULL,NULL,NULL,NULL,'w/ Depeche Mode',NULL,'active',NULL,'Inter Stadium','live','SK','Inter Stadium','','w/ Depeche Mode'),
 (224,308,362,NULL,'2013-06-23',NULL,'20:00:00','2013-07-23',NULL,NULL,NULL,NULL,'w/ Depeche Mode',NULL,'active',NULL,'Puskas Ferenc Stadium','live','HU','Puskas Ferenc Stadium','','w/ Depeche Mode'),
 (225,308,191,NULL,'2013-06-25',NULL,'20:00:00','2013-07-25',NULL,NULL,NULL,NULL,'w/ Depeche Mode',NULL,'active',NULL,'Eden Stadium','live','CZ','Eden Stadium','','w/ Depeche Mode'),
 (226,308,349,NULL,'2013-06-30',NULL,'20:00:00','2013-07-30',NULL,NULL,NULL,NULL,'w/ Depeche Mode',NULL,'active',NULL,'Parken','live','DK','Parken','','w/ Depeche Mode'),
 (227,308,66,NULL,'2013-07-03',NULL,'20:00:00','2013-08-03',NULL,NULL,NULL,NULL,'w/ Depeche Mode',NULL,'active',NULL,'','live','SE','','','w/ Depeche Mode'),
 (228,308,199,NULL,'2013-07-06',NULL,'20:00:00','2013-08-06',NULL,NULL,NULL,NULL,'w/ Depeche Mode',NULL,'active',NULL,'Esplanade Gambetta','live','FR','Esplanade Gambetta','','w/ Depeche Mode'),
 (229,308,201,NULL,'2013-07-08',NULL,'20:00:00','2013-08-08',NULL,NULL,NULL,NULL,'w/ Depeche Mode',NULL,'active',NULL,'Estadio Jose Zorrilla','live','ES','Estadio Jose Zorrilla','','w/ Depeche Mode'),
 (230,308,13,NULL,'2013-07-11',NULL,'20:00:00','2013-08-11',NULL,NULL,NULL,NULL,'w/ Depeche Mode',NULL,'active',NULL,'','live','PT','','','w/ Depeche Mode'),
 (231,308,200,NULL,'2013-07-12',NULL,'20:00:00','2013-08-12',NULL,NULL,NULL,NULL,'w/ Depeche Mode',NULL,'active',NULL,'Estadio de la Cartuja','live','ES','Estadio de la Cartuja','','w/ Depeche Mode'),
 (232,308,309,NULL,'2013-05-08',NULL,'20:00:00','2013-06-08',NULL,NULL,NULL,NULL,'',NULL,'active',NULL,'Maria','live','DE','Maria','',''),
 (233,24,311,NULL,'2013-04-30',NULL,'20:00:00','2013-05-30',NULL,NULL,NULL,NULL,'',NULL,'active',NULL,'Medienhaus Wiesenweg','live','DE','Medienhaus Wiesenweg','',''),
 (234,24,467,NULL,'2013-05-29',NULL,'20:00:00','2013-06-29',NULL,NULL,NULL,NULL,'',NULL,'active',NULL,'Volksbühne Foyer @ Praterkantine','live','DE','Volksbühne Foyer @ Praterkantine','',''),
 (235,24,5,NULL,'2013-06-06',NULL,'20:00:00','2013-07-06',NULL,NULL,NULL,NULL,'',NULL,'active',NULL,'','live','SE','','',''),
 (236,11,321,NULL,'2013-06-15',NULL,'20:00:00','2013-07-15',NULL,NULL,NULL,NULL,'',NULL,'active',NULL,'Moog','dj','ES','Moog','',''),
 (237,11,37,NULL,'2013-07-03',NULL,'20:00:00','2013-08-03',NULL,NULL,NULL,NULL,'',NULL,'active',NULL,'','live','FR','','',''),
 (238,11,79,NULL,'2013-07-04',NULL,'20:00:00','2013-08-04',NULL,NULL,NULL,NULL,'',NULL,'active',NULL,'','live','FR','','',''),
 (239,11,309,NULL,'2013-07-11',NULL,'20:00:00','2013-08-11',NULL,NULL,NULL,NULL,'',NULL,'active',NULL,'Maria','live','DE','Maria','',''),
 (240,11,423,NULL,'2013-07-25',NULL,'20:00:00','2013-08-25',NULL,NULL,NULL,NULL,'',NULL,'active',NULL,'Tanzhaus West','dj','DE','Tanzhaus West','',''),
 (241,11,34,NULL,'2013-10-02',NULL,'20:00:00','2013-11-02',NULL,NULL,NULL,NULL,'',NULL,'active',NULL,'','dj','MK','','',''),
 (243,239,293,NULL,'2013-05-27',NULL,'20:00:00','2013-06-27',NULL,NULL,NULL,NULL,'',NULL,'active',NULL,'Lido','live','DE','Lido','',''),
 (244,239,28,NULL,'2013-06-13',NULL,'20:00:00','2013-07-13',NULL,NULL,NULL,NULL,'',NULL,'active',NULL,'','live','SE','','',''),
 (245,239,147,NULL,'2013-06-14',NULL,'20:00:00','2013-07-14',NULL,NULL,NULL,NULL,'The Goteborg String Theory',NULL,'active',NULL,'Clandestino Festival','live','SE','Clandestino Festival','','The Goteborg String Theory'),
 (246,239,356,NULL,'2013-07-18',NULL,'20:00:00','2013-08-18',NULL,NULL,NULL,NULL,'',NULL,'active',NULL,'Pohoda Festival','live','SK','Pohoda Festival','',''),
 (247,74,321,NULL,'2013-06-15',NULL,'20:00:00','2013-07-15',NULL,NULL,NULL,NULL,'',NULL,'active',NULL,'Moog','dj','ES','Moog','',''),
 (248,74,121,NULL,'2013-07-01',NULL,'20:00:00','2013-08-01',NULL,NULL,NULL,NULL,'',NULL,'active',NULL,'Berghain Kantine','dj','DE','Berghain Kantine','',''),
 (249,74,309,NULL,'2013-09-05',NULL,'20:00:00','2013-10-05',NULL,NULL,NULL,NULL,'',NULL,'active',NULL,'Maria','dj','DE','Maria','',''),
 (250,16,457,NULL,'2013-07-09',NULL,'20:00:00','2013-08-09',NULL,NULL,NULL,NULL,'',NULL,'active',NULL,'Uni','live','DE','Uni','',''),
 (251,16,309,NULL,'2013-07-11',NULL,'20:00:00','2013-08-11',NULL,NULL,NULL,NULL,'',NULL,'active',NULL,'Maria','live','DE','Maria','',''),
 (252,298,309,NULL,'2013-07-11',NULL,'20:00:00','2013-08-11',NULL,NULL,NULL,NULL,'',NULL,'active',NULL,'Maria','dj','DE','Maria','',''),
 (253,294,309,NULL,'2013-07-11',NULL,'20:00:00','2013-08-11',NULL,NULL,NULL,NULL,'',NULL,'active',NULL,'Maria','dj','DE','Maria','',''),
 (255,11,154,NULL,'2013-06-19',NULL,'20:00:00','2013-07-19',NULL,NULL,NULL,NULL,'',NULL,'active',NULL,'Club Gravity','dj','LT','Club Gravity','',''),
 (256,11,313,NULL,'2013-06-27',NULL,'20:00:00','2013-07-27',NULL,NULL,NULL,NULL,'',NULL,'active',NULL,'Merlin','dj','HU','Merlin','',''),
 (257,11,366,NULL,'2013-08-28',NULL,'20:00:00','2013-09-28',NULL,NULL,NULL,NULL,'',NULL,'active',NULL,'RAW Temple','dj','DE','RAW Temple','',''),
 (258,292,120,NULL,'2013-06-12',NULL,'20:00:00','2013-07-12',NULL,NULL,NULL,NULL,'',NULL,'active',NULL,'Berghain','live','DE','Berghain','',''),
 (259,292,140,NULL,'2013-06-26',NULL,'20:00:00','2013-07-26',NULL,NULL,NULL,NULL,'',NULL,'active',NULL,'Cargo','live','GB','Cargo','',''),
 (260,292,10,NULL,'2013-06-27',NULL,'20:00:00','2013-07-27',NULL,NULL,NULL,NULL,'',NULL,'active',NULL,'','live','FR','','',''),
 (261,292,46,NULL,'2013-07-25',NULL,'20:00:00','2013-08-25',NULL,NULL,NULL,NULL,'',NULL,'active',NULL,'','live','DE','','',''),
 (262,292,6,NULL,'2013-08-21',NULL,'20:00:00','2013-09-21',NULL,NULL,NULL,NULL,'',NULL,'active',NULL,'','live','DK','','',''),
 (263,11,216,NULL,'2013-07-18',NULL,'20:00:00','2013-08-18',NULL,NULL,NULL,NULL,'',NULL,'active',NULL,'Flux','dj','AT','Flux','',''),
 (264,11,370,NULL,'2013-07-24',NULL,'20:00:00','2013-08-24',NULL,NULL,NULL,NULL,'',NULL,'active',NULL,'Rex Club','dj','FR','Rex Club','',''),
 (265,308,245,NULL,'2013-07-01',NULL,'20:00:00','2013-08-01',NULL,NULL,NULL,NULL,'w/ Depeche Mode',NULL,'active',NULL,'HSH Nordbank Arena','live','DE','HSH Nordbank Arena','','w/ Depeche Mode'),
 (266,11,487,NULL,'2013-07-19',NULL,'20:00:00','2013-08-19',NULL,NULL,NULL,NULL,'special surprise show',NULL,'active',NULL,'Zitadelle','live','DE','Zitadelle','http://www.einhartzfuerberlin.de/heim.html','special surprise show'),
 (267,308,411,NULL,'2013-06-18',NULL,'20:00:00','2013-07-18',NULL,NULL,NULL,NULL,'w/ Depeche Mode',NULL,'active',NULL,'Stadio San Siro','live','IT','Stadio San Siro','','w/ Depeche Mode'),
 (268,74,360,NULL,'2013-09-19',NULL,'20:00:00','2013-10-19',NULL,NULL,NULL,NULL,'',NULL,'active',NULL,'Pudel Club','live','DE','Pudel Club','',''),
 (269,11,166,NULL,'2013-10-31',NULL,'20:00:00','2013-11-30',NULL,NULL,NULL,NULL,'',NULL,'active',NULL,'cultural centre de warande','dj','NL','cultural centre de warande','',''),
 (270,308,339,NULL,'2013-11-19',NULL,'20:00:00','2013-12-19',NULL,NULL,NULL,NULL,'w/ Alec Empire',NULL,'active',NULL,'O2 Academy','live','GB','O2 Academy','','w/ Alec Empire'),
 (271,308,125,NULL,'2013-11-20',NULL,'20:00:00','2013-12-20',NULL,NULL,NULL,NULL,'w/ Alec Empire',NULL,'active',NULL,'Birmingham Academy','live','GB','Birmingham Academy','','w/ Alec Empire'),
 (272,308,152,NULL,'2013-11-21',NULL,'20:00:00','2013-12-21',NULL,NULL,NULL,NULL,'w/ Alec Empire',NULL,'active',NULL,'Club Academy','live','GB','Club Academy','','w/ Alec Empire'),
 (273,308,116,NULL,'2013-07-22',NULL,'20:00:00','2013-08-22',NULL,NULL,NULL,NULL,'',NULL,'active',NULL,'Barking Frog','dj','CA','Barking Frog','',''),
 (274,308,93,NULL,'2013-07-23',NULL,'20:00:00','2013-08-23',NULL,NULL,NULL,NULL,'',NULL,'active',NULL,'Abbey Pub','live','US','Abbey Pub','',''),
 (275,308,320,NULL,'2013-07-25',NULL,'20:00:00','2013-08-25',NULL,NULL,NULL,NULL,'',NULL,'active',NULL,'Mont Saint-Anee','live','CA','Mont Saint-Anee','',''),
 (276,308,441,NULL,'2013-07-30',NULL,'20:00:00','2013-08-30',NULL,NULL,NULL,NULL,'',NULL,'active',NULL,'The Social','live','CA','The Social','',''),
 (277,308,221,NULL,'2013-07-31',NULL,'20:00:00','2013-08-31',NULL,NULL,NULL,NULL,'',NULL,'active',NULL,'Foufounes Eleqtiques','live','CA','Foufounes Eleqtiques','',''),
 (278,308,286,NULL,'2013-08-01',NULL,'20:00:00','2013-09-01',NULL,NULL,NULL,NULL,'',NULL,'active',NULL,'Le Royale Brooklyn','live','US','Le Royale Brooklyn','',''),
 (279,308,463,NULL,'2013-08-02',NULL,'20:00:00','2013-09-02',NULL,NULL,NULL,NULL,'',NULL,'active',NULL,'Vinyl Dance Lounge','live','CA','Vinyl Dance Lounge','',''),
 (280,308,340,NULL,'2013-08-06',NULL,'20:00:00','2013-09-06',NULL,NULL,NULL,NULL,'',NULL,'active',NULL,'Ogden Theater','live','US','Ogden Theater','',''),
 (281,308,444,NULL,'2013-08-07',NULL,'20:00:00','2013-09-07',NULL,NULL,NULL,NULL,'',NULL,'active',NULL,'The Works','live','US','The Works','',''),
 (282,308,410,NULL,'2013-08-08',NULL,'20:00:00','2013-09-08',NULL,NULL,NULL,NULL,'',NULL,'active',NULL,'Spin','live','US','Spin','',''),
 (283,308,460,NULL,'2013-08-09',NULL,'20:00:00','2013-09-09',NULL,NULL,NULL,NULL,'',NULL,'active',NULL,'Venue','live','CA','Venue','',''),
 (284,308,142,NULL,'2013-08-11',NULL,'20:00:00','2013-09-11',NULL,NULL,NULL,NULL,'',NULL,'active',NULL,'Cinespace','live','US','Cinespace','',''),
 (285,308,84,NULL,'2013-08-29',NULL,'20:00:00','2013-09-29',NULL,NULL,NULL,NULL,'',NULL,'active',NULL,'030 Festival','live','DE','030 Festival','',''),
 (286,16,270,NULL,'2013-09-05',NULL,'20:00:00','2013-10-05',NULL,NULL,NULL,NULL,'',NULL,'active',NULL,'Kulturbrauerei','live','DE','Kulturbrauerei','',''),
 (287,11,224,NULL,'2013-09-18',NULL,'20:00:00','2013-10-18',NULL,NULL,NULL,NULL,'',NULL,'active',NULL,'Galleria Meravigli','dj','IT','Galleria Meravigli','',''),
 (288,11,114,NULL,'2013-08-31',NULL,'20:00:00','2013-09-30',NULL,NULL,NULL,NULL,'',NULL,'active',NULL,'Bar 25','live','DE','Bar 25','',''),
 (289,11,486,NULL,'2013-10-24',NULL,'20:00:00','2013-11-24',NULL,NULL,NULL,NULL,'',NULL,'active',NULL,'Zinga Zanga','dj','FR','Zinga Zanga','',''),
 (290,11,262,NULL,'2013-09-15',NULL,'20:00:00','2013-10-15',NULL,NULL,NULL,NULL,'w/ Warren Suicide',NULL,'active',NULL,'Kesselhaus','live','DE','Kesselhaus','','w/ Warren Suicide'),
 (291,239,262,NULL,'2013-09-15',NULL,'20:00:00','2013-10-15',NULL,NULL,NULL,NULL,'w/ T.Raumschmiere',NULL,'active',NULL,'Kesselhaus','live','DE','Kesselhaus','','w/ T.Raumschmiere'),
 (292,308,102,NULL,'2013-09-18',NULL,'20:00:00','2013-10-18',NULL,NULL,NULL,NULL,'',NULL,'active',NULL,'Antwerp Open Air','live','BE','Antwerp Open Air','',''),
 (293,308,163,NULL,'2013-09-21',NULL,'20:00:00','2013-10-21',NULL,NULL,NULL,NULL,'',NULL,'active',NULL,'Creative Centre Osaka','live','JP','Creative Centre Osaka','',''),
 (294,308,465,NULL,'2013-09-25',NULL,'20:00:00','2013-10-25',NULL,NULL,NULL,NULL,'',NULL,'active',NULL,'Volar','live','HK','Volar','',''),
 (295,308,481,NULL,'2013-09-26',NULL,'20:00:00','2013-10-26',NULL,NULL,NULL,NULL,'',NULL,'active',NULL,'Womb','live','JP','Womb','',''),
 (296,10,300,NULL,'2013-10-03',NULL,'20:00:00','2013-11-03',NULL,NULL,NULL,NULL,'',NULL,'active',NULL,'Lolita','dj','ES','Lolita','',''),
 (297,10,180,NULL,'2013-10-17',NULL,'20:00:00','2013-11-17',NULL,NULL,NULL,NULL,'',NULL,'active',NULL,'Dirty Dancing','dj','BE','Dirty Dancing','',''),
 (298,10,207,NULL,'2013-10-23',NULL,'20:00:00','2013-11-23',NULL,NULL,NULL,NULL,'',NULL,'active',NULL,'Festival','dj','FR','Festival','',''),
 (299,10,132,NULL,'2013-12-19',NULL,'20:00:00','2014-01-19',NULL,NULL,NULL,NULL,'',NULL,'active',NULL,'Branca Leone','dj','IT','Branca Leone','http://www.brancaleone.eu',''),
 (300,10,45,NULL,'2013-10-10',NULL,'20:00:00','2013-11-10',NULL,NULL,NULL,NULL,'w/ Transforma',NULL,'active',NULL,'','live','DE','','','w/ Transforma'),
 (301,10,472,NULL,'2013-10-31',NULL,'20:00:00','2013-11-30',NULL,NULL,NULL,NULL,'w/ Transforma',NULL,'active',NULL,'Waehouse','live','IT','Waehouse','','w/ Transforma'),
 (302,10,173,NULL,'2013-11-06',NULL,'20:00:00','2013-12-06',NULL,NULL,NULL,NULL,'w/ Transforma',NULL,'active',NULL,'De Nachten','live','BE','De Nachten','','w/ Transforma'),
 (303,74,300,NULL,'2013-10-03',NULL,'20:00:00','2013-11-03',NULL,NULL,NULL,NULL,'',NULL,'active',NULL,'Lolita','live','ES','Lolita','',''),
 (304,74,219,NULL,'2013-10-17',NULL,'20:00:00','2013-11-17',NULL,NULL,NULL,NULL,'',NULL,'active',NULL,'Fortezza da Basso','dj','IT','Fortezza da Basso','http://2009.festivaldellacreativita.it/',''),
 (305,74,132,NULL,'2013-12-19',NULL,'20:00:00','2014-01-19',NULL,NULL,NULL,NULL,'',NULL,'active',NULL,'Branca Leone','live','IT','Branca Leone','http://www.brancaleone.eu',''),
 (306,24,365,NULL,'2013-09-19',NULL,'20:00:00','2013-10-19',NULL,NULL,NULL,NULL,'',NULL,'active',NULL,'Raum 18','live','DE','Raum 18','http://raum18-berlin.com/',''),
 (307,16,198,NULL,'2013-10-21',NULL,'20:00:00','2013-11-21',NULL,NULL,NULL,NULL,'',NULL,'active',NULL,'Elfer','live','DE','Elfer','',''),
 (308,16,137,NULL,'2013-10-22',NULL,'20:00:00','2013-11-22',NULL,NULL,NULL,NULL,'',NULL,'active',NULL,'Bunker','live','DE','Bunker','',''),
 (309,16,488,NULL,'2013-10-23',NULL,'20:00:00','2013-11-23',NULL,NULL,NULL,NULL,'',NULL,'active',NULL,'ZKM','live','DE','ZKM','',''),
 (310,16,491,NULL,'2013-10-24',NULL,'20:00:00','2013-11-24',NULL,NULL,NULL,NULL,'',NULL,'active',NULL,'Zucker','live','DE','Zucker','',''),
 (311,10,449,NULL,'2013-10-30',NULL,'20:00:00','2013-11-30',NULL,NULL,NULL,NULL,'w/ Transforma',NULL,'active',NULL,'Trash','live','IT','Trash','','w/ Transforma'),
 (312,10,301,NULL,'2013-11-21',NULL,'20:00:00','2013-12-21',NULL,NULL,NULL,NULL,'',NULL,'active',NULL,'Low Club','dj','ES','Low Club','',''),
 (313,74,301,NULL,'2013-11-21',NULL,'20:00:00','2013-12-21',NULL,NULL,NULL,NULL,'',NULL,'active',NULL,'Low Club','live','ES','Low Club','',''),
 (314,11,414,NULL,'2013-10-16',NULL,'20:00:00','2013-11-16',NULL,NULL,NULL,NULL,'',NULL,'active',NULL,'Stattbad Wedding','dj','DE','Stattbad Wedding','',''),
 (315,11,193,NULL,'2013-10-23',NULL,'20:00:00','2013-11-23',NULL,NULL,NULL,NULL,'',NULL,'active',NULL,'Ego','dj','DE','Ego','',''),
 (316,11,334,NULL,'2013-11-14',NULL,'20:00:00','2013-12-14',NULL,NULL,NULL,NULL,'',NULL,'active',NULL,'Niceto Club','dj','AR','Niceto Club','',''),
 (317,11,310,NULL,'2013-11-28',NULL,'20:00:00','2013-12-28',NULL,NULL,NULL,NULL,'',NULL,'active',NULL,'Mau','dj','DE','Mau','',''),
 (318,11,412,NULL,'2013-12-05',NULL,'20:00:00','2014-01-05',NULL,NULL,NULL,NULL,'',NULL,'active',NULL,'Stadtkeller','dj','AT','Stadtkeller','',''),
 (319,74,121,NULL,'2013-10-07',NULL,'20:00:00','2013-11-07',NULL,NULL,NULL,NULL,'Record Release Party!',NULL,'active',NULL,'Berghain Kantine','live','DE','Berghain Kantine','','Record Release Party!'),
 (320,74,145,NULL,'2013-10-16',NULL,'20:00:00','2013-11-16',NULL,NULL,NULL,NULL,'',NULL,'active',NULL,'Circolo La Grada','dj','IT','Circolo La Grada','',''),
 (321,292,480,NULL,'2013-10-09',NULL,'20:00:00','2013-11-09',NULL,NULL,NULL,NULL,'',NULL,'active',NULL,'WMF','live','DE','WMF','',''),
 (322,292,205,NULL,'2013-10-19',NULL,'20:00:00','2013-11-19',NULL,NULL,NULL,NULL,'',NULL,'active',NULL,'Farmlands','live','DE','Farmlands','',''),
 (323,292,259,NULL,'2013-10-30',NULL,'20:00:00','2013-11-30',NULL,NULL,NULL,NULL,'',NULL,'active',NULL,'Kaserne','live','CH','Kaserne','',''),
 (324,10,445,NULL,'2013-11-08',NULL,'20:00:00','2013-12-08',NULL,NULL,NULL,NULL,'',NULL,'active',NULL,'Tivoli','dj','NL','Tivoli','',''),
 (325,308,305,NULL,'2013-10-23',NULL,'20:00:00','2013-11-23',NULL,NULL,NULL,NULL,'',NULL,'active',NULL,'Macumba','live','ES','Macumba','',''),
 (326,308,297,NULL,'2013-10-24',NULL,'20:00:00','2013-11-24',NULL,NULL,NULL,NULL,'',NULL,'active',NULL,'Loft','live','ES','Loft','',''),
 (327,11,282,NULL,'2014-01-16',NULL,'20:00:00','2014-02-16',NULL,NULL,NULL,NULL,'',NULL,'active',NULL,'Le Bikini','dj','FR','Le Bikini','',''),
 (328,11,242,NULL,'2014-02-26',NULL,'20:00:00','2014-03-26',NULL,NULL,NULL,NULL,'',NULL,'active',NULL,'Hive Club','dj','CH','Hive Club','',''),
 (329,11,416,NULL,'2013-12-06',NULL,'20:00:00','2014-01-06',NULL,NULL,NULL,NULL,'',NULL,'active',NULL,'Studio D','dj','DE','Studio D','',''),
 (330,11,309,NULL,'2013-12-31',NULL,'20:00:00','2014-01-31',NULL,NULL,NULL,NULL,'',NULL,'active',NULL,'Maria','dj','DE','Maria','',''),
 (331,11,190,NULL,'2014-02-27',NULL,'20:00:00','2014-03-27',NULL,NULL,NULL,NULL,'',NULL,'active',NULL,'Ebullition Club','dj','CH','Ebullition Club','',''),
 (332,11,129,NULL,'2014-03-13',NULL,'20:00:00','2014-04-13',NULL,NULL,NULL,NULL,'',NULL,'active',NULL,'Blockrockin Beats','dj','DE','Blockrockin Beats','',''),
 (333,10,469,NULL,'2013-12-18',NULL,'20:00:00','2014-01-18',NULL,NULL,NULL,NULL,'',NULL,'active',NULL,'Volt','dj','NL','Volt','',''),
 (334,10,333,NULL,'2013-12-31',NULL,'20:00:00','2014-01-31',NULL,NULL,NULL,NULL,'',NULL,'active',NULL,'New Years','dj','US','New Years','',''),
 (335,74,381,NULL,'2013-12-04',NULL,'20:00:00','2014-01-04',NULL,NULL,NULL,NULL,'(reggae dj set)',NULL,'active',NULL,'Roter Salon','dj','DE','Roter Salon','','(reggae dj set)'),
 (336,74,121,NULL,'2013-12-23',NULL,'20:00:00','2014-01-23',NULL,NULL,NULL,NULL,'',NULL,'active',NULL,'Berghain Kantine','dj','DE','Berghain Kantine','',''),
 (337,74,421,NULL,'2014-01-22',NULL,'20:00:00','2014-02-22',NULL,NULL,NULL,NULL,'',NULL,'active',NULL,'Suicide Circus','dj','DE','Suicide Circus','',''),
 (338,74,242,NULL,'2014-02-26',NULL,'20:00:00','2014-03-26',NULL,NULL,NULL,NULL,'',NULL,'active',NULL,'Hive Club','live','CH','Hive Club','',''),
 (339,298,421,NULL,'2013-12-05',NULL,'20:00:00','2014-01-05',NULL,NULL,NULL,NULL,'',NULL,'active',NULL,'Suicide Circus','dj','DE','Suicide Circus','',''),
 (340,298,404,NULL,'2013-12-07',NULL,'20:00:00','2014-01-07',NULL,NULL,NULL,NULL,'',NULL,'active',NULL,'SO36','dj','DE','SO36','',''),
 (341,298,121,NULL,'2013-12-09',NULL,'20:00:00','2014-01-09',NULL,NULL,NULL,NULL,'',NULL,'active',NULL,'Berghain Kantine','dj','DE','Berghain Kantine','',''),
 (342,298,244,NULL,'2013-12-19',NULL,'20:00:00','2014-01-19',NULL,NULL,NULL,NULL,'',NULL,'active',NULL,'Horst Kreuzberg','dj','DE','Horst Kreuzberg','',''),
 (343,298,404,NULL,'2014-01-04',NULL,'20:00:00','2014-02-04',NULL,NULL,NULL,NULL,'',NULL,'active',NULL,'SO36','dj','DE','SO36','',''),
 (344,298,121,NULL,'2014-01-06',NULL,'20:00:00','2014-02-06',NULL,NULL,NULL,NULL,'',NULL,'active',NULL,'Berghain Kantine','dj','DE','Berghain Kantine','',''),
 (345,298,421,NULL,'2014-01-23',NULL,'20:00:00','2014-02-23',NULL,NULL,NULL,NULL,'',NULL,'active',NULL,'Suicide Circus','dj','DE','Suicide Circus','',''),
 (346,11,360,NULL,'2014-01-10',NULL,'20:00:00','2014-02-10',NULL,NULL,NULL,NULL,'',NULL,'active',NULL,'Pudel Club','dj','DE','Pudel Club','',''),
 (347,11,297,NULL,'2014-01-15',NULL,'20:00:00','2014-02-15',NULL,NULL,NULL,NULL,'',NULL,'active',NULL,'Loft','dj','ES','Loft','',''),
 (349,74,360,NULL,'2014-01-10',NULL,'20:00:00','2014-02-10',NULL,NULL,NULL,NULL,'',NULL,'active',NULL,'Pudel Club','dj','DE','Pudel Club','',''),
 (350,239,159,NULL,'2013-12-16',NULL,'20:00:00','2014-01-16',NULL,NULL,NULL,NULL,'',NULL,'active',NULL,'Control','live','RO','Control','',''),
 (351,28,372,NULL,'2013-12-18',NULL,'20:00:00','2014-01-18',NULL,NULL,NULL,NULL,'',NULL,'active',NULL,'Ritterbutzke','dj','DE','Ritterbutzke','',''),
 (352,28,480,NULL,'2013-12-31',NULL,'20:00:00','2014-01-31',NULL,NULL,NULL,NULL,'',NULL,'active',NULL,'WMF','dj','DE','WMF','',''),
 (353,28,480,NULL,'2014-01-02',NULL,'20:00:00','2014-02-02',NULL,NULL,NULL,NULL,'',NULL,'active',NULL,'WMF','dj','DE','WMF','',''),
 (354,11,208,NULL,'2014-01-20',NULL,'20:00:00','2014-02-20',NULL,NULL,NULL,NULL,'',NULL,'active',NULL,'Festsaal Kreuzberg','dj','DE','Festsaal Kreuzberg','',''),
 (355,24,424,NULL,'2013-12-18',NULL,'20:00:00','2014-01-18',NULL,NULL,NULL,NULL,'',NULL,'active',NULL,'Tape','live','DE','Tape','',''),
 (356,24,83,NULL,'2013-12-31',NULL,'20:00:00','2014-01-31',NULL,NULL,NULL,NULL,'',NULL,'active',NULL,'.HBC','live','DE','.HBC','',''),
 (357,24,309,NULL,'2014-02-19',NULL,'20:00:00','2014-03-19',NULL,NULL,NULL,NULL,'',NULL,'active',NULL,'Maria','live','DE','Maria','',''),
 (358,24,438,NULL,'2013-12-19',NULL,'20:00:00','2014-01-19',NULL,NULL,NULL,NULL,'',NULL,'active',NULL,'The Kroen','live','IT','The Kroen','',''),
 (359,309,378,NULL,'2014-01-15',NULL,'20:00:00','2014-02-15',NULL,NULL,NULL,NULL,'',NULL,'active',NULL,'Rosi\'s','live','DE','Rosi\'s','',''),
 (360,309,491,NULL,'2014-02-12',NULL,'20:00:00','2014-03-12',NULL,NULL,NULL,NULL,'',NULL,'active',NULL,'Zucker','live','DE','Zucker','',''),
 (361,309,432,NULL,'2014-03-05',NULL,'20:00:00','2014-04-05',NULL,NULL,NULL,NULL,'',NULL,'active',NULL,'Terre Blanque','live','FR','Terre Blanque','',''),
 (362,74,121,NULL,'2014-01-06',NULL,'20:00:00','2014-02-06',NULL,NULL,NULL,NULL,'',NULL,'active',NULL,'Berghain Kantine','dj','DE','Berghain Kantine','',''),
 (363,11,423,NULL,'2014-01-09',NULL,'20:00:00','2014-02-09',NULL,NULL,NULL,NULL,'',NULL,'active',NULL,'Tanzhaus West','dj','DE','Tanzhaus West','',''),
 (364,11,80,NULL,'2014-01-23',NULL,'20:00:00','2014-02-23',NULL,NULL,NULL,NULL,'w/band',NULL,'active',NULL,'','live','IN','','http://www.saarang.org/2010/component/content/article/33-introduction/166-t-raumschmiere','w/band'),
 (365,11,160,NULL,'2014-02-19',NULL,'20:00:00','2014-03-19',NULL,NULL,NULL,NULL,'',NULL,'active',NULL,'Cool','dj','ES','Cool','',''),
 (366,292,485,NULL,'2014-01-16',NULL,'20:00:00','2014-02-16',NULL,NULL,NULL,NULL,'',NULL,'active',NULL,'Zimmer','live','DE','Zimmer','http://www.nerdandsexy.com',''),
 (367,321,480,NULL,'2014-02-02',NULL,'20:00:00','2014-03-02',NULL,NULL,NULL,NULL,'',NULL,'active',NULL,'WMF','live','DE','WMF','',''),
 (368,321,423,NULL,'2014-03-20',NULL,'20:00:00','2014-04-20',NULL,NULL,NULL,NULL,'',NULL,'active',NULL,'Tanzhaus West','live','DE','Tanzhaus West','',''),
 (369,21,309,NULL,'2014-02-19',NULL,'20:00:00','2014-03-19',NULL,NULL,NULL,NULL,'',NULL,'active',NULL,'Maria','dj','DE','Maria','',''),
 (370,74,309,NULL,'2014-02-19',NULL,'20:00:00','2014-03-19',NULL,NULL,NULL,NULL,'',NULL,'active',NULL,'Maria','dj','DE','Maria','',''),
 (371,74,476,NULL,'2014-03-05',NULL,'20:00:00','2014-04-05',NULL,NULL,NULL,NULL,'',NULL,'active',NULL,'Weekend','dj','DE','Weekend','',''),
 (372,11,476,NULL,'2014-03-05',NULL,'20:00:00','2014-04-05',NULL,NULL,NULL,NULL,'',NULL,'active',NULL,'Weekend','dj','DE','Weekend','',''),
 (373,11,313,NULL,'2014-03-27',NULL,'20:00:00','2014-04-27',NULL,NULL,NULL,NULL,'',NULL,'active',NULL,'Merlin','dj','HU','Merlin','',''),
 (374,11,210,NULL,'2014-06-25',NULL,'20:00:00','2014-07-25',NULL,NULL,NULL,NULL,'',NULL,'active',NULL,'Fight Club','dj','BE','Fight Club','',''),
 (375,28,309,NULL,'2014-03-05',NULL,'20:00:00','2014-04-05',NULL,NULL,NULL,NULL,'',NULL,'active',NULL,'Maria','dj','DE','Maria','',''),
 (376,10,480,NULL,'2014-03-20',NULL,'20:00:00','2014-04-20',NULL,NULL,NULL,NULL,'',NULL,'active',NULL,'WMF','dj','DE','WMF','',''),
 (377,74,480,NULL,'2014-03-20',NULL,'20:00:00','2014-04-20',NULL,NULL,NULL,NULL,'',NULL,'active',NULL,'WMF','dj','DE','WMF','',''),
 (378,28,480,NULL,'2014-03-20',NULL,'20:00:00','2014-04-20',NULL,NULL,NULL,NULL,'',NULL,'active',NULL,'WMF','dj','DE','WMF','',''),
 (379,18,121,NULL,'2014-03-03',NULL,'20:00:00','2014-04-03',NULL,NULL,NULL,NULL,'',NULL,'active',NULL,'Berghain Kantine','live','DE','Berghain Kantine','',''),
 (380,18,309,NULL,'2014-03-13',NULL,'20:00:00','2014-04-13',NULL,NULL,NULL,NULL,'',NULL,'active',NULL,'Maria','dj','DE','Maria','',''),
 (381,11,244,NULL,'2014-03-18',NULL,'20:00:00','2014-04-18',NULL,NULL,NULL,NULL,'',NULL,'active',NULL,'Horst Kreuzberg','dj','DE','Horst Kreuzberg','',''),
 (382,321,244,NULL,'2014-03-18',NULL,'20:00:00','2014-04-18',NULL,NULL,NULL,NULL,'RECORD RELEASE PARTY',NULL,'active',NULL,'Horst Kreuzberg','live','DE','Horst Kreuzberg','','RECORD RELEASE PARTY'),
 (383,309,464,NULL,'2014-05-28',NULL,'20:00:00','2014-06-28',NULL,NULL,NULL,NULL,'',NULL,'active',NULL,'Vola-Pük Summer Festival','live','NO','Vola-Pük Summer Festival','',''),
 (384,10,235,NULL,'2014-02-19',NULL,'20:00:00','2014-03-19',NULL,NULL,NULL,NULL,'',NULL,'active',NULL,'Gravity','live','MX','Gravity','',''),
 (385,10,85,NULL,'2014-02-26',NULL,'20:00:00','2014-03-26',NULL,NULL,NULL,NULL,'',NULL,'active',NULL,'103 Harriet Street','live','US','103 Harriet Street','',''),
 (386,10,164,NULL,'2014-03-12',NULL,'20:00:00','2014-04-12',NULL,NULL,NULL,NULL,'',NULL,'active',NULL,'Crobar Studio','live','AR','Crobar Studio','',''),
 (387,10,169,NULL,'2014-03-13',NULL,'20:00:00','2014-04-13',NULL,NULL,NULL,NULL,'',NULL,'active',NULL,'D-Edge','live','BR','D-Edge','',''),
 (388,10,134,NULL,'2014-04-23',NULL,'20:00:00','2014-05-23',NULL,NULL,NULL,NULL,'',NULL,'active',NULL,'Brown Alley','live','AU','Brown Alley','',''),
 (389,10,324,NULL,'2014-04-24',NULL,'20:00:00','2014-05-24',NULL,NULL,NULL,NULL,'',NULL,'active',NULL,'Musica','live','AU','Musica','',''),
 (390,10,490,NULL,'2014-03-19',NULL,'20:00:00','2014-04-19',NULL,NULL,NULL,NULL,'w/ Skate',NULL,'active',NULL,'Zooma','dj','DE','Zooma','','w/ Skate'),
 (391,10,313,NULL,'2014-03-27',NULL,'20:00:00','2014-04-27',NULL,NULL,NULL,NULL,'w/ Skate',NULL,'active',NULL,'Merlin','dj','HU','Merlin','','w/ Skate'),
 (392,10,195,NULL,'2014-04-02',NULL,'20:00:00','2014-05-02',NULL,NULL,NULL,NULL,'w/ Skate',NULL,'active',NULL,'Electron Festival','dj','CH','Electron Festival','','w/ Skate'),
 (393,10,425,NULL,'2014-04-03',NULL,'20:00:00','2014-05-03',NULL,NULL,NULL,NULL,'w/ Skate',NULL,'active',NULL,'Tattingers Club','dj','MT','Tattingers Club','','w/ Skate'),
 (394,10,423,NULL,'2014-04-10',NULL,'20:00:00','2014-05-10',NULL,NULL,NULL,NULL,'w/ Skate',NULL,'active',NULL,'Tanzhaus West','dj','DE','Tanzhaus West','','w/ Skate'),
 (395,10,242,NULL,'2014-05-14',NULL,'20:00:00','2014-06-14',NULL,NULL,NULL,NULL,'w/ Skate',NULL,'active',NULL,'Hive Club','dj','CH','Hive Club','','w/ Skate'),
 (396,11,399,NULL,'2014-05-01',NULL,'20:00:00','2014-06-01',NULL,NULL,NULL,NULL,'',NULL,'active',NULL,'Showboxx','dj','DE','Showboxx','',''),
 (397,10,369,NULL,'2014-05-15',NULL,'20:00:00','2014-06-15',NULL,NULL,NULL,NULL,'w/ Skate',NULL,'active',NULL,'Reworks','dj','GR','Reworks','','w/ Skate'),
 (398,11,218,NULL,'2014-06-12',NULL,'20:00:00','2014-07-12',NULL,NULL,NULL,NULL,'',NULL,'active',NULL,'Forte Prenestino','dj','IT','Forte Prenestino','',''),
 (399,298,244,NULL,'2014-03-13',NULL,'20:00:00','2014-04-13',NULL,NULL,NULL,NULL,'',NULL,'active',NULL,'Horst Kreuzberg','dj','DE','Horst Kreuzberg','',''),
 (400,298,121,NULL,'2014-03-17',NULL,'20:00:00','2014-04-17',NULL,NULL,NULL,NULL,'',NULL,'active',NULL,'Berghain Kantine','dj','DE','Berghain Kantine','',''),
 (401,298,421,NULL,'2014-03-27',NULL,'20:00:00','2014-04-27',NULL,NULL,NULL,NULL,'',NULL,'active',NULL,'Suicide Circus','dj','DE','Suicide Circus','',''),
 (402,298,421,NULL,'2014-04-17',NULL,'20:00:00','2014-05-17',NULL,NULL,NULL,NULL,'',NULL,'active',NULL,'Suicide Circus','dj','DE','Suicide Circus','',''),
 (403,11,380,NULL,'2014-04-30',NULL,'20:00:00','2014-05-30',NULL,NULL,NULL,NULL,'',NULL,'active',NULL,'Rote Sonne','dj','DE','Rote Sonne','',''),
 (404,308,254,NULL,'2014-04-01',NULL,'20:00:00','2014-05-01',NULL,NULL,NULL,NULL,'',NULL,'active',NULL,'K-nal','live','BE','K-nal','',''),
 (405,308,174,NULL,'2014-04-02',NULL,'20:00:00','2014-05-02',NULL,NULL,NULL,NULL,'',NULL,'active',NULL,'De Waerdse Tempel','live','NL','De Waerdse Tempel','',''),
 (406,308,202,NULL,'2014-04-03',NULL,'20:00:00','2014-05-03',NULL,NULL,NULL,NULL,'',NULL,'active',NULL,'Estrado','live','NL','Estrado','',''),
 (407,308,96,NULL,'2014-06-06',NULL,'20:00:00','2014-07-06',NULL,NULL,NULL,NULL,'',NULL,'active',NULL,'Acropolium','live','TN','Acropolium','',''),
 (408,308,214,NULL,'2014-06-11',NULL,'20:00:00','2014-07-11',NULL,NULL,NULL,NULL,'',NULL,'active',NULL,'Fluc','live','AT','Fluc','',''),
 (409,308,428,NULL,'2014-06-12',NULL,'20:00:00','2014-07-12',NULL,NULL,NULL,NULL,'',NULL,'active',NULL,'Teatro Sa Da Bandeira','live','PT','Teatro Sa Da Bandeira','',''),
 (410,11,328,NULL,'2014-04-07',NULL,'20:00:00','2014-05-07',NULL,NULL,NULL,NULL,'',NULL,'active',NULL,'nbi','dj','DE','nbi','',''),
 (411,11,468,NULL,'2014-04-09',NULL,'20:00:00','2014-05-09',NULL,NULL,NULL,NULL,'',NULL,'active',NULL,'Volksgarten','dj','AT','Volksgarten','',''),
 (412,11,384,NULL,'2014-05-08',NULL,'20:00:00','2014-06-08',NULL,NULL,NULL,NULL,'',NULL,'active',NULL,'Sagog','dj','AT','Sagog','',''),
 (413,11,378,NULL,'2014-05-12',NULL,'20:00:00','2014-06-12',NULL,NULL,NULL,NULL,'',NULL,'active',NULL,'Rosi\'s','dj','DE','Rosi\'s','',''),
 (414,11,51,NULL,'2014-05-28',NULL,'20:00:00','2014-06-28',NULL,NULL,NULL,NULL,'',NULL,'active',NULL,'','dj','RS','','',''),
 (415,11,9,NULL,'2014-05-29',NULL,'20:00:00','2014-06-29',NULL,NULL,NULL,NULL,'',NULL,'active',NULL,'','dj','FR','','',''),
 (416,67,43,NULL,'2014-06-05',NULL,'20:00:00','2014-07-05',NULL,NULL,NULL,NULL,'',NULL,'active',NULL,'','live','CH','','',''),
 (418,11,309,NULL,'2014-07-03',NULL,'20:00:00','2014-08-03',NULL,NULL,NULL,NULL,'1st solo live show for years!',NULL,'active',NULL,'Maria','live','DE','Maria','','1st solo live show for years!'),
 (420,11,138,NULL,'2014-10-21',NULL,'20:00:00','2014-11-21',NULL,NULL,NULL,NULL,'w/ band',NULL,'active',NULL,'Cabaret Aleatoire','live','FR','Cabaret Aleatoire','','w/ band'),
 (421,11,282,NULL,'2014-10-22',NULL,'20:00:00','2014-11-22',NULL,NULL,NULL,NULL,'w/ band',NULL,'active',NULL,'Le Bikini','live','FR','Le Bikini','','w/ band'),
 (422,11,276,NULL,'2014-10-23',NULL,'20:00:00','2014-11-23',NULL,NULL,NULL,NULL,'w/ band',NULL,'active',NULL,'La Laiterie','live','FR','La Laiterie','','w/ band'),
 (423,321,82,NULL,'2014-04-15',NULL,'20:00:00','2014-05-15',NULL,NULL,NULL,NULL,'',NULL,'active',NULL,'','live','IT','','',''),
 (424,322,296,NULL,'2014-04-04',NULL,'20:00:00','2014-05-04',NULL,NULL,NULL,NULL,'',NULL,'active',NULL,'Liquid Sunday','dj','DE','Liquid Sunday','',''),
 (425,322,146,NULL,'2014-04-24',NULL,'20:00:00','2014-05-24',NULL,NULL,NULL,NULL,'',NULL,'active',NULL,'City Club','dj','RU','City Club','',''),
 (426,322,389,NULL,'2014-04-30',NULL,'20:00:00','2014-05-30',NULL,NULL,NULL,NULL,'',NULL,'active',NULL,'Samara','dj','RU','Samara','',''),
 (427,322,255,NULL,'2014-05-01',NULL,'20:00:00','2014-06-01',NULL,NULL,NULL,NULL,'',NULL,'active',NULL,'Kakadu','dj','RU','Kakadu','',''),
 (428,322,327,NULL,'2014-05-21',NULL,'20:00:00','2014-06-21',NULL,NULL,NULL,NULL,'',NULL,'active',NULL,'Nassau Boat','dj','SK','Nassau Boat','',''),
 (429,322,150,NULL,'2014-06-26',NULL,'20:00:00','2014-07-26',NULL,NULL,NULL,NULL,'',NULL,'active',NULL,'Club 117','dj','UA','Club 117','',''),
 (430,322,238,NULL,'2014-07-03',NULL,'20:00:00','2014-08-03',NULL,NULL,NULL,NULL,'',NULL,'active',NULL,'Harry Klein','dj','DE','Harry Klein','',''),
 (431,322,354,NULL,'2014-08-28',NULL,'20:00:00','2014-09-28',NULL,NULL,NULL,NULL,'',NULL,'active',NULL,'Planetarium','dj','AT','Planetarium','',''),
 (432,74,421,NULL,'2014-04-22',NULL,'20:00:00','2014-05-22',NULL,NULL,NULL,NULL,'',NULL,'active',NULL,'Suicide Circus','dj','DE','Suicide Circus','',''),
 (433,74,338,NULL,'2014-04-23',NULL,'20:00:00','2014-05-23',NULL,NULL,NULL,NULL,'',NULL,'active',NULL,'O&#347;rodek Capitol','dj','PL','O&#347;rodek Capitol','',''),
 (434,74,121,NULL,'2014-04-28',NULL,'20:00:00','2014-05-28',NULL,NULL,NULL,NULL,'',NULL,'active',NULL,'Berghain Kantine','dj','DE','Berghain Kantine','',''),
 (435,74,121,NULL,'2014-05-12',NULL,'20:00:00','2014-06-12',NULL,NULL,NULL,NULL,'',NULL,'active',NULL,'Berghain Kantine','dj','DE','Berghain Kantine','',''),
 (436,74,421,NULL,'2014-06-05',NULL,'20:00:00','2014-07-05',NULL,NULL,NULL,NULL,'',NULL,'active',NULL,'Suicide Circus','dj','DE','Suicide Circus','',''),
 (437,67,290,NULL,'2014-06-04',NULL,'20:00:00','2014-07-04',NULL,NULL,NULL,NULL,'',NULL,'active',NULL,'Les Caves du Manoir','live','CH','Les Caves du Manoir','',''),
 (438,24,462,NULL,'2014-04-24',NULL,'20:00:00','2014-05-24',NULL,NULL,NULL,NULL,'',NULL,'active',NULL,'Villa','live','DE','Villa','','');
INSERT INTO `wp_gigpress_shows` (`show_id`,`show_artist_id`,`show_venue_id`,`show_tour_id`,`show_date`,`show_multi`,`show_time`,`show_expire`,`show_price`,`show_tix_url`,`show_tix_phone`,`show_ages`,`show_notes`,`show_related`,`show_status`,`show_tour_restore`,`show_address`,`show_locale`,`show_country`,`show_venue`,`show_venue_url`,`show_venue_phone`) VALUES 
 (439,321,48,NULL,'2014-09-25',NULL,'20:00:00','2014-10-25',NULL,NULL,NULL,NULL,'',NULL,'active',NULL,'','live','AT','','',''),
 (440,321,304,NULL,'2014-04-30',NULL,'20:00:00','2014-05-30',NULL,NULL,NULL,NULL,'',NULL,'active',NULL,'M.I.K.Z.','live','DE','M.I.K.Z.','',''),
 (442,11,297,NULL,'2014-05-07',NULL,'20:00:00','2014-06-07',NULL,NULL,NULL,NULL,'',NULL,'active',NULL,'Loft','dj','ES','Loft','',''),
 (444,18,115,NULL,'2014-05-14',NULL,'20:00:00','2014-06-14',NULL,NULL,NULL,NULL,'',NULL,'active',NULL,'Bar23','dj','DE','Bar23','',''),
 (445,18,94,NULL,'2014-06-19',NULL,'20:00:00','2014-07-19',NULL,NULL,NULL,NULL,'',NULL,'active',NULL,'About Blank','dj','DE','About Blank','',''),
 (446,18,309,NULL,'2014-07-03',NULL,'20:00:00','2014-08-03',NULL,NULL,NULL,NULL,'',NULL,'active',NULL,'Maria','live','DE','Maria','',''),
 (447,18,419,NULL,'2014-05-29',NULL,'20:00:00','2014-06-29',NULL,NULL,NULL,NULL,'',NULL,'active',NULL,'Subway','live','DE','Subway','',''),
 (448,11,246,NULL,'2014-05-21',NULL,'20:00:00','2014-06-21',NULL,NULL,NULL,NULL,'',NULL,'active',NULL,'Il Cassero','dj','IT','Il Cassero','',''),
 (449,325,393,NULL,'2014-05-08',NULL,'20:00:00','2014-06-08',NULL,NULL,NULL,NULL,'',NULL,'active',NULL,'Schleudergang','live','AT','Schleudergang','',''),
 (450,325,204,NULL,'2014-05-13',NULL,'20:00:00','2014-06-13',NULL,NULL,NULL,NULL,'',NULL,'active',NULL,'Farbfernsehen','live','DE','Farbfernsehen','',''),
 (451,325,345,NULL,'2014-05-21',NULL,'20:00:00','2014-06-21',NULL,NULL,NULL,NULL,'',NULL,'active',NULL,'Papierfabrik','live','DE','Papierfabrik','',''),
 (452,325,153,NULL,'2014-05-22',NULL,'20:00:00','2014-06-22',NULL,NULL,NULL,NULL,'',NULL,'active',NULL,'Club Am Schlesischen Tor','live','DE','Club Am Schlesischen Tor','',''),
 (453,325,151,NULL,'2014-05-28',NULL,'20:00:00','2014-06-28',NULL,NULL,NULL,NULL,'',NULL,'active',NULL,'Club A.R.M.','live','DE','Club A.R.M.','',''),
 (454,325,121,NULL,'2014-06-02',NULL,'20:00:00','2014-07-02',NULL,NULL,NULL,NULL,'',NULL,'active',NULL,'Berghain Kantine','live','DE','Berghain Kantine','',''),
 (455,325,326,NULL,'2014-06-05',NULL,'20:00:00','2014-07-05',NULL,NULL,NULL,NULL,'',NULL,'active',NULL,'Nachtrauschen','live','DE','Nachtrauschen','',''),
 (456,325,141,NULL,'2014-06-11',NULL,'20:00:00','2014-07-11',NULL,NULL,NULL,NULL,'',NULL,'active',NULL,'Centraltheater','live','DE','Centraltheater','',''),
 (457,325,58,NULL,'2014-07-02',NULL,'20:00:00','2014-08-02',NULL,NULL,NULL,NULL,'',NULL,'active',NULL,'','live','ES','','',''),
 (458,325,309,NULL,'2014-07-03',NULL,'20:00:00','2014-08-03',NULL,NULL,NULL,NULL,'',NULL,'active',NULL,'Maria','live','DE','Maria','',''),
 (459,11,244,NULL,'2014-05-23',NULL,'20:00:00','2014-06-23',NULL,NULL,NULL,NULL,'',NULL,'active',NULL,'Horst Kreuzberg','dj','DE','Horst Kreuzberg','',''),
 (460,322,244,NULL,'2014-05-23',NULL,'20:00:00','2014-06-23',NULL,NULL,NULL,NULL,'RECORD RELEASE PARTY',NULL,'active',NULL,'Horst Kreuzberg','dj','DE','Horst Kreuzberg','','RECORD RELEASE PARTY'),
 (461,322,316,NULL,'2014-12-25',NULL,'20:00:00','2015-01-25',NULL,NULL,NULL,NULL,'',NULL,'active',NULL,'Miami Club','dj','DE','Miami Club','',''),
 (462,322,97,NULL,'2014-08-19',NULL,'20:00:00','2014-09-19',NULL,NULL,NULL,NULL,'',NULL,'active',NULL,'Adjara Music Hall','dj','GR','Adjara Music Hall','',''),
 (463,322,429,NULL,'2014-07-17',NULL,'20:00:00','2014-08-17',NULL,NULL,NULL,NULL,'',NULL,'active',NULL,'Technodelic','dj','BR','Technodelic','',''),
 (464,322,435,NULL,'2014-07-15',NULL,'20:00:00','2014-08-15',NULL,NULL,NULL,NULL,'',NULL,'active',NULL,'The Edge','dj','BR','The Edge','',''),
 (465,322,106,NULL,'2014-05-29',NULL,'20:00:00','2014-06-29',NULL,NULL,NULL,NULL,'',NULL,'active',NULL,'Arkada','dj','UA','Arkada','',''),
 (466,11,141,NULL,'2014-06-11',NULL,'20:00:00','2014-07-11',NULL,NULL,NULL,NULL,'',NULL,'active',NULL,'Centraltheater','dj','DE','Centraltheater','',''),
 (467,11,357,NULL,'2014-08-27',NULL,'20:00:00','2014-09-27',NULL,NULL,NULL,NULL,'',NULL,'active',NULL,'Pratersauna','live','AT','Pratersauna','',''),
 (468,11,423,NULL,'2014-11-27',NULL,'20:00:00','2014-12-27',NULL,NULL,NULL,NULL,'',NULL,'active',NULL,'Tanzhaus West','live','DE','Tanzhaus West','',''),
 (469,10,307,NULL,'2014-09-04',NULL,'20:00:00','2014-10-04',NULL,NULL,NULL,NULL,'',NULL,'active',NULL,'Magnolia','live','IT','Magnolia','',''),
 (470,10,301,NULL,'2014-06-25',NULL,'20:00:00','2014-07-25',NULL,NULL,NULL,NULL,'',NULL,'active',NULL,'Low Club','dj','ES','Low Club','',''),
 (471,74,309,NULL,'2014-07-03',NULL,'20:00:00','2014-08-03',NULL,NULL,NULL,NULL,'',NULL,'active',NULL,'Maria','dj','DE','Maria','',''),
 (472,74,421,NULL,'2014-07-18',NULL,'20:00:00','2014-08-18',NULL,NULL,NULL,NULL,'',NULL,'active',NULL,'Suicide Circus','dj','DE','Suicide Circus','',''),
 (473,74,94,NULL,'2014-07-29',NULL,'20:00:00','2014-08-29',NULL,NULL,NULL,NULL,'',NULL,'active',NULL,'About Blank','live','DE','About Blank','',''),
 (474,321,36,NULL,'2014-06-25',NULL,'20:00:00','2014-07-25',NULL,NULL,NULL,NULL,'',NULL,'active',NULL,'','live','DE','','',''),
 (475,28,309,NULL,'2014-07-03',NULL,'20:00:00','2014-08-03',NULL,NULL,NULL,NULL,'',NULL,'active',NULL,'Maria','dj','DE','Maria','',''),
 (476,28,88,NULL,'2014-07-31',NULL,'20:00:00','2014-08-31',NULL,NULL,NULL,NULL,'',NULL,'active',NULL,'603qm','dj','DE','603qm','',''),
 (477,28,31,NULL,'2014-08-06',NULL,'20:00:00','2014-09-06',NULL,NULL,NULL,NULL,'',NULL,'active',NULL,'','dj','FR','','',''),
 (478,325,36,NULL,'2014-06-25',NULL,'20:00:00','2014-07-25',NULL,NULL,NULL,NULL,'',NULL,'active',NULL,'','live','DE','','',''),
 (479,325,284,NULL,'2014-07-04',NULL,'20:00:00','2014-08-04',NULL,NULL,NULL,NULL,'',NULL,'active',NULL,'Le Rocher by Dimuschi','live','FR','Le Rocher by Dimuschi','',''),
 (480,325,26,NULL,'2014-07-17',NULL,'20:00:00','2014-08-17',NULL,NULL,NULL,NULL,'',NULL,'active',NULL,'','live','ES','','',''),
 (481,325,421,NULL,'2014-07-18',NULL,'20:00:00','2014-08-18',NULL,NULL,NULL,NULL,'',NULL,'active',NULL,'Suicide Circus','live','DE','Suicide Circus','',''),
 (482,325,476,NULL,'2014-07-30',NULL,'20:00:00','2014-08-30',NULL,NULL,NULL,NULL,'',NULL,'active',NULL,'Weekend','live','DE','Weekend','',''),
 (483,325,476,NULL,'2014-10-15',NULL,'20:00:00','2014-11-15',NULL,NULL,NULL,NULL,'',NULL,'active',NULL,'Weekend','live','DE','Weekend','',''),
 (484,325,242,NULL,'2014-12-03',NULL,'20:00:00','2015-01-03',NULL,NULL,NULL,NULL,'',NULL,'active',NULL,'Hive Club','live','CH','Hive Club','',''),
 (485,11,208,NULL,'2014-09-09',NULL,'20:00:00','2014-10-09',NULL,NULL,NULL,NULL,'w/band',NULL,'active',NULL,'Festsaal Kreuzberg','live','DE','Festsaal Kreuzberg','','w/band'),
 (486,11,41,NULL,'2014-09-11',NULL,'20:00:00','2014-10-11',NULL,NULL,NULL,NULL,'',NULL,'active',NULL,'','dj','IT','','',''),
 (487,328,309,NULL,'2014-07-03',NULL,'20:00:00','2014-08-03',NULL,NULL,NULL,NULL,'',NULL,'active',NULL,'Maria','live','DE','Maria','',''),
 (488,11,309,NULL,'2014-09-04',NULL,'20:00:00','2014-10-04',NULL,NULL,NULL,NULL,'',NULL,'active',NULL,'Maria','dj','DE','Maria','',''),
 (490,328,477,NULL,'2014-09-04',NULL,'20:00:00','2014-10-04',NULL,NULL,NULL,NULL,'',NULL,'active',NULL,'Weetamix','live','CH','Weetamix','',''),
 (491,328,22,NULL,'2014-09-11',NULL,'20:00:00','2014-10-11',NULL,NULL,NULL,NULL,'Special Performance',NULL,'active',NULL,'','live','JP','','','Special Performance'),
 (492,328,64,NULL,'2014-10-02',NULL,'20:00:00','2014-11-02',NULL,NULL,NULL,NULL,'',NULL,'active',NULL,'','live','US','','',''),
 (493,11,385,NULL,'2014-09-17',NULL,'20:00:00','2014-10-17',NULL,NULL,NULL,NULL,'',NULL,'active',NULL,'Sakog','live','AT','Sakog','',''),
 (494,11,489,NULL,'2014-09-24',NULL,'20:00:00','2014-10-24',NULL,NULL,NULL,NULL,'',NULL,'active',NULL,'Zoo/Usine','dj','CH','Zoo/Usine','',''),
 (496,11,139,NULL,'2014-12-18',NULL,'20:00:00','2015-01-18',NULL,NULL,NULL,NULL,'',NULL,'active',NULL,'Cactus','dj','BE','Cactus','',''),
 (497,11,89,NULL,'2015-01-22',NULL,'20:00:00','2015-02-22',NULL,NULL,NULL,NULL,'',NULL,'active',NULL,'7er Club','dj','DE','7er Club','',''),
 (498,11,455,NULL,'2014-11-11',NULL,'20:00:00','2014-12-11',NULL,NULL,NULL,NULL,'w/ band',NULL,'active',NULL,'Uebel und Gefährlich','live','DE','Uebel und Gefährlich','','w/ band'),
 (499,11,491,NULL,'2014-11-12',NULL,'20:00:00','2014-12-12',NULL,NULL,NULL,NULL,'w/ band',NULL,'active',NULL,'Zucker','live','DE','Zucker','','w/ band'),
 (500,11,456,NULL,'2014-11-14',NULL,'20:00:00','2014-12-14',NULL,NULL,NULL,NULL,'w/ band',NULL,'active',NULL,'Underground','live','DE','Underground','','w/ band'),
 (501,11,309,NULL,'2014-11-25',NULL,'20:00:00','2014-12-25',NULL,NULL,NULL,NULL,'w/ band',NULL,'active',NULL,'Maria','live','DE','Maria','','w/ band'),
 (502,11,87,NULL,'2014-11-26',NULL,'20:00:00','2014-12-26',NULL,NULL,NULL,NULL,'w/ band',NULL,'active',NULL,'59to1','live','DE','59to1','','w/ band'),
 (504,74,358,NULL,'2014-10-02',NULL,'20:00:00','2014-11-02',NULL,NULL,NULL,NULL,'',NULL,'active',NULL,'Prinzenbar','live','DE','Prinzenbar','',''),
 (505,74,421,NULL,'2014-10-03',NULL,'20:00:00','2014-11-03',NULL,NULL,NULL,NULL,'',NULL,'active',NULL,'Suicide Circus','live','DE','Suicide Circus','',''),
 (506,74,139,NULL,'2014-12-18',NULL,'20:00:00','2015-01-18',NULL,NULL,NULL,NULL,'',NULL,'active',NULL,'Cactus','dj','BE','Cactus','',''),
 (507,18,139,NULL,'2014-12-18',NULL,'20:00:00','2015-01-18',NULL,NULL,NULL,NULL,'',NULL,'active',NULL,'Cactus','live','BE','Cactus','',''),
 (508,321,455,NULL,'2014-11-11',NULL,'20:00:00','2014-12-11',NULL,NULL,NULL,NULL,'',NULL,'active',NULL,'Uebel und Gefährlich','live','DE','Uebel und Gefährlich','',''),
 (509,321,491,NULL,'2014-11-12',NULL,'20:00:00','2014-12-12',NULL,NULL,NULL,NULL,'',NULL,'active',NULL,'Zucker','live','DE','Zucker','',''),
 (510,321,298,NULL,'2014-11-13',NULL,'20:00:00','2014-12-13',NULL,NULL,NULL,NULL,'',NULL,'active',NULL,'Lohro','live','DE','Lohro','',''),
 (511,321,456,NULL,'2014-11-14',NULL,'20:00:00','2014-12-14',NULL,NULL,NULL,NULL,'',NULL,'active',NULL,'Underground','live','DE','Underground','',''),
 (512,321,309,NULL,'2014-11-25',NULL,'20:00:00','2014-12-25',NULL,NULL,NULL,NULL,'',NULL,'active',NULL,'Maria','live','DE','Maria','',''),
 (513,321,87,NULL,'2014-11-26',NULL,'20:00:00','2014-12-26',NULL,NULL,NULL,NULL,'',NULL,'active',NULL,'59to1','live','DE','59to1','',''),
 (514,321,423,NULL,'2014-11-27',NULL,'20:00:00','2014-12-27',NULL,NULL,NULL,NULL,'',NULL,'active',NULL,'Tanzhaus West','live','DE','Tanzhaus West','',''),
 (515,325,204,NULL,'2014-10-06',NULL,'20:00:00','2014-11-06',NULL,NULL,NULL,NULL,'',NULL,'active',NULL,'Farbfernsehen','live','DE','Farbfernsehen','',''),
 (516,325,482,NULL,'2014-11-04',NULL,'20:00:00','2014-12-04',NULL,NULL,NULL,NULL,'',NULL,'active',NULL,'Wood','live','BE','Wood','',''),
 (517,325,492,NULL,'2014-11-05',NULL,'20:00:00','2014-12-05',NULL,NULL,NULL,NULL,'',NULL,'active',NULL,'Zur Seuten Deern/Im Silber','live','DE','Zur Seuten Deern/Im Silber','',''),
 (518,325,421,NULL,'2014-11-07',NULL,'20:00:00','2014-12-07',NULL,NULL,NULL,NULL,'',NULL,'active',NULL,'Suicide Circus','live','DE','Suicide Circus','',''),
 (519,325,374,NULL,'2014-11-12',NULL,'20:00:00','2014-12-12',NULL,NULL,NULL,NULL,'',NULL,'active',NULL,'Rocker33','live','DE','Rocker33','',''),
 (520,325,470,NULL,'2014-12-10',NULL,'20:00:00','2015-01-10',NULL,NULL,NULL,NULL,'',NULL,'active',NULL,'Waagenbau','live','DE','Waagenbau','',''),
 (521,325,476,NULL,'2014-12-18',NULL,'20:00:00','2015-01-18',NULL,NULL,NULL,NULL,'',NULL,'active',NULL,'Weekend','live','DE','Weekend','',''),
 (522,328,128,NULL,'2014-10-08',NULL,'20:00:00','2014-11-08',NULL,NULL,NULL,NULL,'',NULL,'active',NULL,'Black Market','live','US','Black Market','',''),
 (523,328,119,NULL,'2014-10-15',NULL,'20:00:00','2014-11-15',NULL,NULL,NULL,NULL,'',NULL,'active',NULL,'Bent Crayton','live','US','Bent Crayton','',''),
 (524,328,139,NULL,'2014-12-18',NULL,'20:00:00','2015-01-18',NULL,NULL,NULL,NULL,'',NULL,'active',NULL,'Cactus','live','BE','Cactus','',''),
 (525,239,455,NULL,'2014-11-11',NULL,'20:00:00','2014-12-11',NULL,NULL,NULL,NULL,'',NULL,'active',NULL,'Uebel und Gefährlich','live','DE','Uebel und Gefährlich','',''),
 (526,239,491,NULL,'2014-11-12',NULL,'20:00:00','2014-12-12',NULL,NULL,NULL,NULL,'',NULL,'active',NULL,'Zucker','live','DE','Zucker','',''),
 (527,239,298,NULL,'2014-11-13',NULL,'20:00:00','2014-12-13',NULL,NULL,NULL,NULL,'',NULL,'active',NULL,'Lohro','live','DE','Lohro','',''),
 (528,239,456,NULL,'2014-11-14',NULL,'20:00:00','2014-12-14',NULL,NULL,NULL,NULL,'',NULL,'active',NULL,'Underground','live','DE','Underground','',''),
 (529,239,309,NULL,'2014-11-25',NULL,'20:00:00','2014-12-25',NULL,NULL,NULL,NULL,'',NULL,'active',NULL,'Maria','live','DE','Maria','',''),
 (530,239,87,NULL,'2014-11-26',NULL,'20:00:00','2014-12-26',NULL,NULL,NULL,NULL,'',NULL,'active',NULL,'59to1','live','DE','59to1','',''),
 (531,239,423,NULL,'2014-11-27',NULL,'20:00:00','2014-12-27',NULL,NULL,NULL,NULL,'',NULL,'active',NULL,'Tanzhaus West','live','DE','Tanzhaus West','',''),
 (532,322,179,NULL,'2014-09-17',NULL,'20:00:00','2014-10-17',NULL,NULL,NULL,NULL,'',NULL,'active',NULL,'Digger Club','dj','RU','Digger Club','',''),
 (533,322,489,NULL,'2014-09-24',NULL,'20:00:00','2014-10-24',NULL,NULL,NULL,NULL,'',NULL,'active',NULL,'Zoo/Usine','dj','CH','Zoo/Usine','',''),
 (534,322,111,NULL,'2014-10-01',NULL,'20:00:00','2014-11-01',NULL,NULL,NULL,NULL,'',NULL,'active',NULL,'Baalsaal','dj','DE','Baalsaal','',''),
 (535,322,220,NULL,'2014-10-23',NULL,'20:00:00','2014-11-23',NULL,NULL,NULL,NULL,'',NULL,'active',NULL,'Forum','dj','DE','Forum','',''),
 (536,11,305,NULL,'2014-10-08',NULL,'20:00:00','2014-11-08',NULL,NULL,NULL,NULL,'',NULL,'active',NULL,'Macumba','dj','ES','Macumba','',''),
 (537,11,388,NULL,'2014-10-30',NULL,'20:00:00','2014-11-30',NULL,NULL,NULL,NULL,'',NULL,'active',NULL,'Salle Nantes Erdre','dj','FR','Salle Nantes Erdre','',''),
 (538,309,99,NULL,'2014-10-15',NULL,'20:00:00','2014-11-15',NULL,NULL,NULL,NULL,'',NULL,'active',NULL,'Alhambra','live','DE','Alhambra','',''),
 (539,309,491,NULL,'2014-11-12',NULL,'20:00:00','2014-12-12',NULL,NULL,NULL,NULL,'',NULL,'active',NULL,'Zucker','live','DE','Zucker','',''),
 (540,28,208,NULL,'2014-10-01',NULL,'20:00:00','2014-11-01',NULL,NULL,NULL,NULL,'',NULL,'active',NULL,'Festsaal Kreuzberg','dj','DE','Festsaal Kreuzberg','',''),
 (541,28,117,NULL,'2014-10-15',NULL,'20:00:00','2014-11-15',NULL,NULL,NULL,NULL,'',NULL,'active',NULL,'Batofar','dj','FR','Batofar','',''),
 (542,28,309,NULL,'2014-10-28',NULL,'20:00:00','2014-11-28',NULL,NULL,NULL,NULL,'',NULL,'active',NULL,'Maria','dj','DE','Maria','',''),
 (543,308,397,NULL,'2014-10-02',NULL,'20:00:00','2014-11-02',NULL,NULL,NULL,NULL,'',NULL,'active',NULL,'Senayan Field D','live','ID','Senayan Field D','',''),
 (544,308,481,NULL,'2014-10-08',NULL,'20:00:00','2014-11-08',NULL,NULL,NULL,NULL,'',NULL,'active',NULL,'Womb','live','JP','Womb','',''),
 (545,308,308,NULL,'2014-10-22',NULL,'20:00:00','2014-11-22',NULL,NULL,NULL,NULL,'',NULL,'active',NULL,'Make Up Club','live','BE','Make Up Club','',''),
 (546,308,391,NULL,'2014-10-30',NULL,'20:00:00','2014-11-30',NULL,NULL,NULL,NULL,'',NULL,'active',NULL,'SAT','live','CA','SAT','',''),
 (547,308,332,NULL,'2014-10-31',NULL,'20:00:00','2014-11-30',NULL,NULL,NULL,NULL,'',NULL,'active',NULL,'Neumos','live','US','Neumos','',''),
 (548,308,377,NULL,'2014-11-01',NULL,'20:00:00','2014-12-01',NULL,NULL,NULL,NULL,'',NULL,'active',NULL,'Roseland Theatre','live','US','Roseland Theatre','',''),
 (549,308,436,NULL,'2014-11-02',NULL,'20:00:00','2014-12-02',NULL,NULL,NULL,NULL,'',NULL,'active',NULL,'The Fillmore','live','US','The Fillmore','',''),
 (550,308,194,NULL,'2014-11-03',NULL,'20:00:00','2014-12-03',NULL,NULL,NULL,NULL,'',NULL,'active',NULL,'El Rey Theatre','live','US','El Rey Theatre','',''),
 (551,308,95,NULL,'2014-12-02',NULL,'20:00:00','2015-01-02',NULL,NULL,NULL,NULL,'',NULL,'active',NULL,'Academy 1','live','GB','Academy 1','',''),
 (552,308,451,NULL,'2014-12-03',NULL,'20:00:00','2015-01-03',NULL,NULL,NULL,NULL,'',NULL,'active',NULL,'Troxy','live','GB','Troxy','',''),
 (554,11,298,NULL,'2014-11-13',NULL,'20:00:00','2014-12-13',NULL,NULL,NULL,NULL,'w/ band',NULL,'active',NULL,'Lohro','live','DE','Lohro','','w/ band'),
 (555,27,94,NULL,'2014-10-15',NULL,'20:00:00','2014-11-15',NULL,NULL,NULL,NULL,'',NULL,'active',NULL,'About Blank','dj','DE','About Blank','',''),
 (556,27,122,NULL,'2014-10-29',NULL,'20:00:00','2014-11-29',NULL,NULL,NULL,NULL,'',NULL,'active',NULL,'Bergstuebel','dj','DE','Bergstuebel','',''),
 (557,27,233,NULL,'2014-10-31',NULL,'20:00:00','2014-11-30',NULL,NULL,NULL,NULL,'',NULL,'active',NULL,'Golden Gate','dj','DE','Golden Gate','',''),
 (558,27,350,NULL,'2014-11-18',NULL,'20:00:00','2014-12-18',NULL,NULL,NULL,NULL,'',NULL,'active',NULL,'Pavillion','dj','DE','Pavillion','',''),
 (559,27,121,NULL,'2014-12-03',NULL,'20:00:00','2015-01-03',NULL,NULL,NULL,NULL,'',NULL,'active',NULL,'Berghain Kantine','dj','DE','Berghain Kantine','',''),
 (560,27,473,NULL,'2014-11-26',NULL,'20:00:00','2014-12-26',NULL,NULL,NULL,NULL,'',NULL,'active',NULL,'Wagenhallen','dj','DE','Wagenhallen','',''),
 (561,18,94,NULL,'2014-10-28',NULL,'20:00:00','2014-11-28',NULL,NULL,NULL,NULL,'RECORD RELEASE PARTY',NULL,'active',NULL,'About Blank','live','DE','About Blank','','RECORD RELEASE PARTY'),
 (562,322,329,NULL,'2014-12-04',NULL,'20:00:00','2015-01-04',NULL,NULL,NULL,NULL,'',NULL,'active',NULL,'NC Liverpool','live','UA','NC Liverpool','',''),
 (563,322,127,NULL,'2014-12-11',NULL,'20:00:00','2015-01-11',NULL,NULL,NULL,NULL,'',NULL,'active',NULL,'BKI Kiezinternat','live','DE','BKI Kiezinternat','',''),
 (564,11,363,NULL,'2014-12-11',NULL,'20:00:00','2015-01-11',NULL,NULL,NULL,NULL,'',NULL,'active',NULL,'Qube','dj','IT','Qube','',''),
 (565,74,87,NULL,'2014-11-26',NULL,'20:00:00','2014-12-26',NULL,NULL,NULL,NULL,'',NULL,'active',NULL,'59to1','dj','DE','59to1','',''),
 (566,321,136,NULL,'2014-12-04',NULL,'20:00:00','2015-01-04',NULL,NULL,NULL,NULL,'',NULL,'active',NULL,'Brunnen 70','live','DE','Brunnen 70','',''),
 (567,18,302,NULL,'2014-12-10',NULL,'20:00:00','2015-01-10',NULL,NULL,NULL,NULL,'',NULL,'active',NULL,'Lulu Belle Cafe','live','PL','Lulu Belle Cafe','',''),
 (568,18,267,NULL,'2014-12-11',NULL,'20:00:00','2015-01-11',NULL,NULL,NULL,NULL,'',NULL,'active',NULL,'Klub Zasieg','live','PL','Klub Zasieg','',''),
 (569,24,366,NULL,'2014-12-11',NULL,'20:00:00','2015-01-11',NULL,NULL,NULL,NULL,'',NULL,'active',NULL,'RAW Temple','live','DE','RAW Temple','',''),
 (570,28,366,NULL,'2014-12-11',NULL,'20:00:00','2015-01-11',NULL,NULL,NULL,NULL,'',NULL,'active',NULL,'RAW Temple','dj','DE','RAW Temple','',''),
 (571,24,83,NULL,'2014-12-31',NULL,'20:00:00','2015-01-31',NULL,NULL,NULL,NULL,'',NULL,'active',NULL,'.HBC','live','DE','.HBC','',''),
 (572,11,402,NULL,'2015-01-13',NULL,'20:00:00','2015-02-13',NULL,NULL,NULL,NULL,'',NULL,'active',NULL,'Simplon','live','NL','Simplon','',''),
 (573,11,274,NULL,'2015-02-18',NULL,'20:00:00','2015-03-18',NULL,NULL,NULL,NULL,'',NULL,'active',NULL,'La Carene','dj','FR','La Carene','',''),
 (575,11,382,NULL,'2015-05-13',NULL,'20:00:00','2015-06-13',NULL,NULL,NULL,NULL,'',NULL,'active',NULL,'Roundhouse','live','GB','Roundhouse','',''),
 (576,325,450,NULL,'2014-12-22',NULL,'20:00:00','2015-01-22',NULL,NULL,NULL,NULL,'',NULL,'active',NULL,'Tresor','live','DE','Tresor','',''),
 (577,325,38,NULL,'2014-12-25',NULL,'20:00:00','2015-01-25',NULL,NULL,NULL,NULL,'',NULL,'active',NULL,'','live','FR','','',''),
 (578,325,265,NULL,'2015-01-08',NULL,'20:00:00','2015-02-08',NULL,NULL,NULL,NULL,'',NULL,'active',NULL,'Klangkino','live','DE','Klangkino','',''),
 (579,325,443,NULL,'2015-01-14',NULL,'20:00:00','2015-02-14',NULL,NULL,NULL,NULL,'',NULL,'active',NULL,'The Sub','live','BE','The Sub','',''),
 (580,325,211,NULL,'2015-01-19',NULL,'20:00:00','2015-02-19',NULL,NULL,NULL,NULL,'',NULL,'active',NULL,'Flavio','live','TR','Flavio','',''),
 (581,325,299,NULL,'2015-01-22',NULL,'20:00:00','2015-02-22',NULL,NULL,NULL,NULL,'',NULL,'active',NULL,'Lokal','live','TR','Lokal','',''),
 (582,325,252,NULL,'2015-01-29',NULL,'20:00:00','2015-02-28',NULL,NULL,NULL,NULL,'',NULL,'active',NULL,'Java Club','live','FR','Java Club','',''),
 (583,325,482,NULL,'2015-02-03',NULL,'20:00:00','2015-03-03',NULL,NULL,NULL,NULL,'',NULL,'active',NULL,'Wood','live','BE','Wood','',''),
 (584,325,263,NULL,'2015-02-11',NULL,'20:00:00','2015-03-11',NULL,NULL,NULL,NULL,'',NULL,'active',NULL,'Kickbeat','live','PL','Kickbeat','',''),
 (585,325,319,NULL,'2015-03-05',NULL,'20:00:00','2015-04-05',NULL,NULL,NULL,NULL,'',NULL,'active',NULL,'Mojo','live','NL','Mojo','',''),
 (586,11,400,NULL,'2015-04-01',NULL,'20:00:00','2015-05-01',NULL,NULL,NULL,NULL,'',NULL,'active',NULL,'Silber','dj','DE','Silber','',''),
 (587,11,315,NULL,'2015-01-08',NULL,'20:00:00','2015-02-08',NULL,NULL,NULL,NULL,'',NULL,'active',NULL,'Metropol Theater','live','AT','Metropol Theater','',''),
 (588,11,413,NULL,'2014-12-31',NULL,'20:00:00','2015-01-31',NULL,NULL,NULL,NULL,'',NULL,'active',NULL,'Stardust','dj','ES','Stardust','',''),
 (589,11,279,NULL,'2015-01-15',NULL,'20:00:00','2015-02-15',NULL,NULL,NULL,NULL,'',NULL,'active',NULL,'Last Exit Landsberg','dj','DE','Last Exit Landsberg','',''),
 (590,11,342,NULL,'2015-03-26',NULL,'20:00:00','2015-04-26',NULL,NULL,NULL,NULL,'',NULL,'active',NULL,'Palais des Beaux-Arts','dj','BE','Palais des Beaux-Arts','',''),
 (591,11,309,NULL,'2015-05-21',NULL,'20:00:00','2015-06-21',NULL,NULL,NULL,NULL,'',NULL,'active',NULL,'Maria','dj','DE','Maria','',''),
 (592,11,343,NULL,'2015-04-23',NULL,'20:00:00','2015-05-23',NULL,NULL,NULL,NULL,'',NULL,'active',NULL,'Panoptikum','dj','DE','Panoptikum','',''),
 (593,11,479,NULL,'2015-05-07',NULL,'20:00:00','2015-06-07',NULL,NULL,NULL,NULL,'',NULL,'active',NULL,'Winston','dj','NL','Winston','',''),
 (594,10,7,NULL,'2015-03-11',NULL,'20:00:00','2015-04-11',NULL,NULL,NULL,NULL,'DJ Kicks Tour',NULL,'active',NULL,'','live','GB','','','DJ Kicks Tour'),
 (595,10,335,NULL,'2015-03-19',NULL,'20:00:00','2015-04-19',NULL,NULL,NULL,NULL,'DJ Kicks Tour',NULL,'active',NULL,'Nitsa','live','ES','Nitsa','','DJ Kicks Tour'),
 (596,10,168,NULL,'2015-03-25',NULL,'20:00:00','2015-04-25',NULL,NULL,NULL,NULL,'DJ Kicks Tour',NULL,'active',NULL,'D Club','live','CH','D Club','','DJ Kicks Tour'),
 (597,10,131,NULL,'2015-03-26',NULL,'20:00:00','2015-04-26',NULL,NULL,NULL,NULL,'DJ Kicks Tour',NULL,'active',NULL,'Branca Leone','live','IT','Branca Leone','','DJ Kicks Tour'),
 (598,10,223,NULL,'2015-03-31',NULL,'20:00:00','2015-04-30',NULL,NULL,NULL,NULL,'DJ Kicks Tour',NULL,'active',NULL,'Gaite Lyrique','live','FR','Gaite Lyrique','','DJ Kicks Tour'),
 (599,74,233,NULL,'2015-01-29',NULL,'20:00:00','2015-02-28',NULL,NULL,NULL,NULL,'',NULL,'active',NULL,'Golden Gate','dj','DE','Golden Gate','',''),
 (600,74,309,NULL,'2015-02-12',NULL,'20:00:00','2015-03-12',NULL,NULL,NULL,NULL,'',NULL,'active',NULL,'Maria','dj','DE','Maria','',''),
 (601,74,7,NULL,'2015-03-11',NULL,'20:00:00','2015-04-11',NULL,NULL,NULL,NULL,'',NULL,'active',NULL,'','dj','GB','','',''),
 (602,74,131,NULL,'2015-03-26',NULL,'20:00:00','2015-04-26',NULL,NULL,NULL,NULL,'',NULL,'active',NULL,'Branca Leone','dj','IT','Branca Leone','',''),
 (603,74,360,NULL,'2015-03-27',NULL,'20:00:00','2015-04-27',NULL,NULL,NULL,NULL,'',NULL,'active',NULL,'Pudel Club','dj','DE','Pudel Club','',''),
 (604,28,335,NULL,'2015-03-19',NULL,'20:00:00','2015-04-19',NULL,NULL,NULL,NULL,'',NULL,'active',NULL,'Nitsa','dj','ES','Nitsa','',''),
 (605,28,131,NULL,'2015-03-26',NULL,'20:00:00','2015-04-26',NULL,NULL,NULL,NULL,'',NULL,'active',NULL,'Branca Leone','dj','IT','Branca Leone','',''),
 (606,28,360,NULL,'2015-03-27',NULL,'20:00:00','2015-04-27',NULL,NULL,NULL,NULL,'',NULL,'active',NULL,'Pudel Club','dj','DE','Pudel Club','',''),
 (607,11,415,NULL,'2015-03-18',NULL,'20:00:00','2015-04-18',NULL,NULL,NULL,NULL,'',NULL,'active',NULL,'Stitch Club','dj','MT','Stitch Club','',''),
 (608,10,74,NULL,'2015-03-06',NULL,'20:00:00','2015-04-06',NULL,NULL,NULL,NULL,'',NULL,'active',NULL,'','live','NL','','',''),
 (609,10,406,NULL,'2015-04-08',NULL,'20:00:00','2015-05-08',NULL,NULL,NULL,NULL,'DJ Kicks Tour',NULL,'active',NULL,'Southbank','live','GB','Southbank','','DJ Kicks Tour'),
 (610,10,68,NULL,'2015-04-09',NULL,'20:00:00','2015-05-09',NULL,NULL,NULL,NULL,'DJ Kicks Tour',NULL,'active',NULL,'','live','ES','','','DJ Kicks Tour'),
 (611,10,434,NULL,'2015-04-15',NULL,'20:00:00','2015-05-15',NULL,NULL,NULL,NULL,'DJ Kicks Tour',NULL,'active',NULL,'The Button Factory','live','IE','The Button Factory','','DJ Kicks Tour'),
 (612,10,112,NULL,'2015-04-16',NULL,'20:00:00','2015-05-16',NULL,NULL,NULL,NULL,'DJ Kicks Tour',NULL,'active',NULL,'Babylon','live','TR','Babylon','','DJ Kicks Tour'),
 (613,10,455,NULL,'2015-04-21',NULL,'20:00:00','2015-05-21',NULL,NULL,NULL,NULL,'DJ Kicks Tour',NULL,'active',NULL,'Uebel und Gefährlich','live','DE','Uebel und Gefährlich','','DJ Kicks Tour'),
 (614,18,90,NULL,'2015-02-25',NULL,'20:00:00','2015-03-25',NULL,NULL,NULL,NULL,'',NULL,'active',NULL,'8-bit','live','PL','8-bit','',''),
 (615,18,337,NULL,'2015-02-26',NULL,'20:00:00','2015-03-26',NULL,NULL,NULL,NULL,'',NULL,'active',NULL,'Nu Fonina','live','PL','Nu Fonina','',''),
 (616,18,421,NULL,'2015-03-18',NULL,'20:00:00','2015-04-18',NULL,NULL,NULL,NULL,'',NULL,'active',NULL,'Suicide Circus','live','DE','Suicide Circus','',''),
 (617,24,372,NULL,'2015-02-12',NULL,'20:00:00','2015-03-12',NULL,NULL,NULL,NULL,'',NULL,'active',NULL,'Ritterbutzke','live','DE','Ritterbutzke','',''),
 (618,24,304,NULL,'2015-03-29',NULL,'20:00:00','2015-04-29',NULL,NULL,NULL,NULL,'',NULL,'active',NULL,'M.I.K.Z.','live','DE','M.I.K.Z.','',''),
 (620,11,120,NULL,'2015-04-22',NULL,'20:00:00','2015-05-22',NULL,NULL,NULL,NULL,'w/ band',NULL,'active',NULL,'Berghain','live','DE','Berghain','','w/ band'),
 (621,11,11,NULL,'2015-06-03',NULL,'20:00:00','2015-07-03',NULL,NULL,NULL,NULL,'',NULL,'active',NULL,'','dj','NL','','',''),
 (622,10,303,NULL,'2015-03-17',NULL,'20:00:00','2015-04-17',NULL,NULL,NULL,NULL,'',NULL,'active',NULL,'Lux','live','PT','Lux','',''),
 (623,10,401,NULL,'2015-04-23',NULL,'20:00:00','2015-05-23',NULL,NULL,NULL,NULL,'',NULL,'active',NULL,'Silo','live','BE','Silo','',''),
 (625,11,44,NULL,'2015-09-17',NULL,'20:00:00','2015-10-17',NULL,NULL,NULL,NULL,'',NULL,'active',NULL,'','dj','DK','','',''),
 (626,11,4,NULL,'2015-03-19',NULL,'20:00:00','2015-04-19',NULL,NULL,NULL,NULL,'',NULL,'active',NULL,'','dj','CH','','',''),
 (627,11,40,NULL,'2015-05-14',NULL,'20:00:00','2015-06-14',NULL,NULL,NULL,NULL,'',NULL,'active',NULL,'','live','NL','','',''),
 (628,10,428,NULL,'2015-03-18',NULL,'20:00:00','2015-04-18',NULL,NULL,NULL,NULL,'',NULL,'active',NULL,'Teatro Sa Da Bandeira','live','PT','Teatro Sa Da Bandeira','',''),
 (629,74,455,NULL,'2015-04-21',NULL,'20:00:00','2015-05-21',NULL,NULL,NULL,NULL,'',NULL,'active',NULL,'Uebel und Gefährlich','dj','DE','Uebel und Gefährlich','',''),
 (630,74,309,NULL,'2015-05-21',NULL,'20:00:00','2015-06-21',NULL,NULL,NULL,NULL,'',NULL,'active',NULL,'Maria','dj','DE','Maria','',''),
 (631,321,304,NULL,'2015-03-03',NULL,'20:00:00','2015-04-03',NULL,NULL,NULL,NULL,'',NULL,'active',NULL,'M.I.K.Z.','live','DE','M.I.K.Z.','',''),
 (632,321,277,NULL,'2015-04-01',NULL,'20:00:00','2015-05-01',NULL,NULL,NULL,NULL,'',NULL,'active',NULL,'La Machine du Moulin Rouge','live','FR','La Machine du Moulin Rouge','',''),
 (633,321,273,NULL,'2015-04-02',NULL,'20:00:00','2015-05-02',NULL,NULL,NULL,NULL,'',NULL,'active',NULL,'La Bobine','live','FR','La Bobine','',''),
 (634,309,491,NULL,'2015-04-30',NULL,'20:00:00','2015-05-30',NULL,NULL,NULL,NULL,'',NULL,'active',NULL,'Zucker','live','DE','Zucker','',''),
 (636,18,291,NULL,'2015-04-08',NULL,'20:00:00','2015-05-08',NULL,NULL,NULL,NULL,'',NULL,'active',NULL,'Levee','live','DE','Levee','',''),
 (637,18,309,NULL,'2015-05-21',NULL,'20:00:00','2015-06-21',NULL,NULL,NULL,NULL,'',NULL,'active',NULL,'Maria','live','DE','Maria','',''),
 (638,308,30,NULL,'2015-04-01',NULL,'20:00:00','2015-05-01',NULL,NULL,NULL,NULL,'supporting Gary Numan',NULL,'active',NULL,'','live','GB','','','supporting Gary Numan'),
 (639,308,73,NULL,'2015-04-02',NULL,'20:00:00','2015-05-02',NULL,NULL,NULL,NULL,'supporting Gary Numan',NULL,'active',NULL,'','live','GB','','','supporting Gary Numan'),
 (640,308,420,NULL,'2015-04-22',NULL,'20:00:00','2015-05-22',NULL,NULL,NULL,NULL,'',NULL,'active',NULL,'Sugar Factory','live','NL','Sugar Factory','',''),
 (641,308,124,NULL,'2015-04-23',NULL,'20:00:00','2015-05-23',NULL,NULL,NULL,NULL,'',NULL,'active',NULL,'Bimfest','live','BE','Bimfest','',''),
 (642,308,20,NULL,'2015-05-12',NULL,'20:00:00','2015-06-12',NULL,NULL,NULL,NULL,'supporting Gary Numan',NULL,'active',NULL,'','live','AU','','','supporting Gary Numan'),
 (643,308,243,NULL,'2015-05-13',NULL,'20:00:00','2015-06-13',NULL,NULL,NULL,NULL,'',NULL,'active',NULL,'Home Nightclub','live','AU','Home Nightclub','',''),
 (644,350,250,NULL,'2015-03-29',NULL,'20:00:00','2015-04-29',NULL,NULL,NULL,NULL,'',NULL,'active',NULL,'Issue Project Room','live','US','Issue Project Room','',''),
 (645,350,54,NULL,'2015-03-30',NULL,'20:00:00','2015-04-30',NULL,NULL,NULL,NULL,'',NULL,'active',NULL,'','live','US','','',''),
 (646,350,228,NULL,'2015-03-31',NULL,'20:00:00','2015-04-30',NULL,NULL,NULL,NULL,'',NULL,'active',NULL,'Goethe Institut','live','US','Goethe Institut','',''),
 (647,350,364,NULL,'2015-04-01',NULL,'20:00:00','2015-05-01',NULL,NULL,NULL,NULL,'',NULL,'active',NULL,'Radiolara','live','CA','Radiolara','',''),
 (648,350,9,NULL,'2015-04-06',NULL,'20:00:00','2015-05-06',NULL,NULL,NULL,NULL,'',NULL,'active',NULL,'','live','FR','','',''),
 (649,350,197,NULL,'2015-05-07',NULL,'20:00:00','2015-06-07',NULL,NULL,NULL,NULL,'',NULL,'active',NULL,'Elektra','live','CA','Elektra','',''),
 (650,325,439,NULL,'2015-03-26',NULL,'20:00:00','2015-04-26',NULL,NULL,NULL,NULL,'',NULL,'active',NULL,'The Loft','live','AT','The Loft','',''),
 (651,325,189,NULL,'2015-04-02',NULL,'20:00:00','2015-05-02',NULL,NULL,NULL,NULL,'',NULL,'active',NULL,'E-Werk','live','DE','E-Werk','',''),
 (652,325,291,NULL,'2015-04-08',NULL,'20:00:00','2015-05-08',NULL,NULL,NULL,NULL,'',NULL,'active',NULL,'Levee','live','DE','Levee','',''),
 (653,325,244,NULL,'2015-04-22',NULL,'20:00:00','2015-05-22',NULL,NULL,NULL,NULL,'',NULL,'active',NULL,'Horst Kreuzberg','live','DE','Horst Kreuzberg','',''),
 (654,325,86,NULL,'2015-04-30',NULL,'20:00:00','2015-05-30',NULL,NULL,NULL,NULL,'',NULL,'active',NULL,'180 Club','live','PL','180 Club','',''),
 (655,325,421,NULL,'2015-05-20',NULL,'20:00:00','2015-06-20',NULL,NULL,NULL,NULL,'',NULL,'active',NULL,'Suicide Circus','live','DE','Suicide Circus','',''),
 (656,325,398,NULL,'2015-05-27',NULL,'20:00:00','2015-06-27',NULL,NULL,NULL,NULL,'',NULL,'active',NULL,'Seute Deern','live','DE','Seute Deern','',''),
 (657,325,476,NULL,'2015-06-10',NULL,'20:00:00','2015-07-10',NULL,NULL,NULL,NULL,'',NULL,'active',NULL,'Weekend','live','DE','Weekend','',''),
 (658,359,240,NULL,'2015-04-23',NULL,'20:00:00','2015-05-23',NULL,NULL,NULL,NULL,'Record Release Party!',NULL,'active',NULL,'HBC','live','DE','HBC','','Record Release Party!'),
 (659,74,9,NULL,'2015-04-02',NULL,'20:00:00','2015-05-02',NULL,NULL,NULL,NULL,'',NULL,'active',NULL,'','dj','FR','','',''),
 (660,74,291,NULL,'2015-04-08',NULL,'20:00:00','2015-05-08',NULL,NULL,NULL,NULL,'',NULL,'active',NULL,'Levee','dj','DE','Levee','',''),
 (661,74,240,NULL,'2015-04-23',NULL,'20:00:00','2015-05-23',NULL,NULL,NULL,NULL,'',NULL,'active',NULL,'HBC','dj','DE','HBC','',''),
 (662,28,291,NULL,'2015-04-08',NULL,'20:00:00','2015-05-08',NULL,NULL,NULL,NULL,'',NULL,'active',NULL,'Levee','dj','DE','Levee','',''),
 (663,28,112,NULL,'2015-04-16',NULL,'20:00:00','2015-05-16',NULL,NULL,NULL,NULL,'',NULL,'active',NULL,'Babylon','dj','TR','Babylon','',''),
 (664,321,101,NULL,'2015-04-30',NULL,'20:00:00','2015-05-30',NULL,NULL,NULL,NULL,'',NULL,'active',NULL,'Animal Social Club','live','IT','Animal Social Club','',''),
 (665,11,266,NULL,'2015-04-15',NULL,'20:00:00','2015-05-15',NULL,NULL,NULL,NULL,'',NULL,'active',NULL,'Klub Bauhaus','dj','DE','Klub Bauhaus','',''),
 (666,11,325,NULL,'2015-11-11',NULL,'20:00:00','2015-12-11',NULL,NULL,NULL,NULL,'',NULL,'active',NULL,'Muziekgieterij','dj','NL','Muziekgieterij','',''),
 (667,11,396,NULL,'2015-08-20',NULL,'20:00:00','2015-09-20',NULL,NULL,NULL,NULL,'',NULL,'active',NULL,'Sektor','dj','DE','Sektor','',''),
 (668,11,268,NULL,'2015-06-04',NULL,'20:00:00','2015-07-04',NULL,NULL,NULL,NULL,'',NULL,'active',NULL,'Kraftwerk Rummelsburg','dj','DE','Kraftwerk Rummelsburg','',''),
 (669,350,108,NULL,'2015-05-16',NULL,'20:00:00','2015-06-16',NULL,NULL,NULL,NULL,'',NULL,'active',NULL,'Asteroid Impact','live','IT','Asteroid Impact','',''),
 (670,11,60,NULL,'2015-06-24',NULL,'20:00:00','2015-07-24',NULL,NULL,NULL,NULL,'',NULL,'active',NULL,'','dj','IT','','',''),
 (671,11,15,NULL,'2015-08-12',NULL,'20:00:00','2015-09-12',NULL,NULL,NULL,NULL,'',NULL,'active',NULL,'','dj','CH','','',''),
 (672,322,170,NULL,'2015-06-09',NULL,'20:00:00','2015-07-09',NULL,NULL,NULL,NULL,'',NULL,'active',NULL,'D-Egde','dj','BR','D-Egde','',''),
 (673,322,331,NULL,'2015-06-10',NULL,'20:00:00','2015-07-10',NULL,NULL,NULL,NULL,'',NULL,'active',NULL,'Neo Club','dj','BR','Neo Club','',''),
 (674,322,226,NULL,'2015-06-11',NULL,'20:00:00','2015-07-11',NULL,NULL,NULL,NULL,'',NULL,'active',NULL,'Garage','dj','BR','Garage','',''),
 (675,322,126,NULL,'2015-06-24',NULL,'20:00:00','2015-07-24',NULL,NULL,NULL,NULL,'',NULL,'active',NULL,'BKI','dj','DE','BKI','',''),
 (676,322,103,NULL,'2015-08-12',NULL,'20:00:00','2015-09-12',NULL,NULL,NULL,NULL,'',NULL,'active',NULL,'Aquapark','live','UA','Aquapark','',''),
 (677,362,2,NULL,'2015-08-12',NULL,'20:00:00','2015-09-12',NULL,NULL,NULL,NULL,'',NULL,'active',NULL,'','live','DE','','',''),
 (678,362,453,NULL,'2015-06-09',NULL,'20:00:00','2015-07-09',NULL,NULL,NULL,NULL,'',NULL,'active',NULL,'Uebel & Gefaehrlich','live','DE','Uebel & Gefaehrlich','www.markboombastik.com',''),
 (679,363,421,NULL,'2015-07-08',NULL,'20:00:00','2015-08-08',NULL,NULL,NULL,NULL,'w/ Soul Center, T.Raumschmiere, ',NULL,'active',NULL,'Suicide Circus','live','DE','Suicide Circus','','w/ Soul Center, T.Raumschmiere, '),
 (680,74,476,NULL,'2015-06-10',NULL,'20:00:00','2015-07-10',NULL,NULL,NULL,NULL,'',NULL,'active',NULL,'Weekend','dj','DE','Weekend','',''),
 (681,74,121,NULL,'2015-07-20',NULL,'20:00:00','2015-08-20',NULL,NULL,NULL,NULL,'',NULL,'active',NULL,'Berghain Kantine','dj','DE','Berghain Kantine','http://www.killekill.com',''),
 (682,10,78,NULL,'2015-06-10',NULL,'20:00:00','2015-07-10',NULL,NULL,NULL,NULL,'',NULL,'active',NULL,'','live','CZ','','',''),
 (683,10,32,NULL,'2015-06-18',NULL,'20:00:00','2015-07-18',NULL,NULL,NULL,NULL,'',NULL,'active',NULL,'','live','ES','','',''),
 (684,10,352,NULL,'2015-06-23',NULL,'20:00:00','2015-07-23',NULL,NULL,NULL,NULL,'',NULL,'active',NULL,'Philharmonie','live','DE','Philharmonie','',''),
 (686,10,27,NULL,'2015-06-30',NULL,'20:00:00','2015-07-30',NULL,NULL,NULL,NULL,'',NULL,'active',NULL,'','live','DE','','',''),
 (687,10,70,NULL,'2015-07-02',NULL,'20:00:00','2015-08-02',NULL,NULL,NULL,NULL,'',NULL,'active',NULL,'','live','RU','','',''),
 (688,10,23,NULL,'2015-07-05',NULL,'20:00:00','2015-08-05',NULL,NULL,NULL,NULL,'',NULL,'active',NULL,'','live','FR','','',''),
 (689,10,74,NULL,'2015-07-09',NULL,'20:00:00','2015-08-09',NULL,NULL,NULL,NULL,'',NULL,'active',NULL,'','live','NL','','',''),
 (690,10,65,NULL,'2015-07-15',NULL,'20:00:00','2015-08-15',NULL,NULL,NULL,NULL,'',NULL,'active',NULL,'','live','DE','','',''),
 (691,10,17,NULL,'2015-07-23',NULL,'20:00:00','2015-08-23',NULL,NULL,NULL,NULL,'',NULL,'active',NULL,'','live','IT','','',''),
 (692,10,56,NULL,'2015-08-20',NULL,'20:00:00','2015-09-20',NULL,NULL,NULL,NULL,'',NULL,'active',NULL,'','live','NL','','',''),
 (693,10,12,NULL,'2015-08-27',NULL,'20:00:00','2015-09-27',NULL,NULL,NULL,NULL,'',NULL,'active',NULL,'','live','PL','','http://www.festiwalnowamuzyka.pl',''),
 (694,10,215,NULL,'2015-09-09',NULL,'20:00:00','2015-10-09',NULL,NULL,NULL,NULL,'',NULL,'active',NULL,'Flughafen Tempelhof','live','DE','Flughafen Tempelhof','',''),
 (695,10,454,NULL,'2015-09-23',NULL,'20:00:00','2015-10-23',NULL,NULL,NULL,NULL,'',NULL,'active',NULL,'Uebel & Gefährlich','live','DE','Uebel & Gefährlich','',''),
 (696,362,478,NULL,'2015-06-06',NULL,'20:00:00','2015-07-06',NULL,NULL,NULL,NULL,'',NULL,'active',NULL,'Wilde Renate','live','DE','Wilde Renate','',''),
 (697,362,478,NULL,'2015-06-18',NULL,'20:00:00','2015-07-18',NULL,NULL,NULL,NULL,'',NULL,'active',NULL,'Wilde Renate','live','DE','Wilde Renate','',''),
 (698,321,133,NULL,'2015-07-07',NULL,'20:00:00','2015-08-07',NULL,NULL,NULL,NULL,'',NULL,'active',NULL,'Brandenburger Tor','dj','DE','Brandenburger Tor','',''),
 (699,11,387,NULL,'2015-07-22',NULL,'20:00:00','2015-08-22',NULL,NULL,NULL,NULL,'',NULL,'active',NULL,'Sala Cool','dj','ES','Sala Cool','',''),
 (700,11,323,NULL,'2015-08-27',NULL,'20:00:00','2015-09-27',NULL,NULL,NULL,NULL,'',NULL,'active',NULL,'Muhka','dj','BE','Muhka','',''),
 (701,11,421,NULL,'2015-09-16',NULL,'20:00:00','2015-10-16',NULL,NULL,NULL,NULL,'',NULL,'active',NULL,'Suicide Circus','dj','DE','Suicide Circus','',''),
 (702,11,287,NULL,'2015-09-24',NULL,'20:00:00','2015-10-24',NULL,NULL,NULL,NULL,'',NULL,'active',NULL,'Le Transbordeur','dj','FR','Le Transbordeur','',''),
 (703,10,75,NULL,'2015-08-06',NULL,'20:00:00','2015-09-06',NULL,NULL,NULL,NULL,'',NULL,'active',NULL,'','live','AT','','',''),
 (704,10,407,NULL,'2015-08-07',NULL,'20:00:00','2015-09-07',NULL,NULL,NULL,NULL,'',NULL,'active',NULL,'Space','dj','ES','Space','',''),
 (705,10,71,NULL,'2015-08-13',NULL,'20:00:00','2015-09-13',NULL,NULL,NULL,NULL,'',NULL,'active',NULL,'','live','IT','','',''),
 (706,10,24,NULL,'2015-08-19',NULL,'20:00:00','2015-09-19',NULL,NULL,NULL,NULL,'',NULL,'active',NULL,'','live','BE','','',''),
 (707,10,427,NULL,'2015-09-24',NULL,'20:00:00','2015-10-24',NULL,NULL,NULL,NULL,'',NULL,'active',NULL,'Teatro Geox','live','IT','Teatro Geox','',''),
 (708,10,110,NULL,'2015-10-08',NULL,'20:00:00','2015-11-08',NULL,NULL,NULL,NULL,'',NULL,'active',NULL,'Auditorium Ecole','live','FR','Auditorium Ecole','',''),
 (709,10,446,NULL,'2015-10-09',NULL,'20:00:00','2015-11-09',NULL,NULL,NULL,NULL,'',NULL,'active',NULL,'Tourcoing','live','FR','Tourcoing','',''),
 (710,10,285,NULL,'2015-10-10',NULL,'20:00:00','2015-11-10',NULL,NULL,NULL,NULL,'',NULL,'active',NULL,'Le Rocher De Palmer','live','FR','Le Rocher De Palmer','',''),
 (711,10,283,NULL,'2015-10-11',NULL,'20:00:00','2015-11-11',NULL,NULL,NULL,NULL,'',NULL,'active',NULL,'Le Chabada','live','FR','Le Chabada','',''),
 (712,10,275,NULL,'2015-10-12',NULL,'20:00:00','2015-11-12',NULL,NULL,NULL,NULL,'',NULL,'active',NULL,'La Gaite Lyrique','live','FR','La Gaite Lyrique','',''),
 (713,10,107,NULL,'2015-10-14',NULL,'20:00:00','2015-11-14',NULL,NULL,NULL,NULL,'',NULL,'active',NULL,'Arnolfini','live','GB','Arnolfini','',''),
 (714,10,317,NULL,'2015-10-15',NULL,'20:00:00','2015-11-15',NULL,NULL,NULL,NULL,'',NULL,'active',NULL,'MMC','live','SK','MMC','',''),
 (715,10,437,NULL,'2015-10-16',NULL,'20:00:00','2015-11-16',NULL,NULL,NULL,NULL,'',NULL,'active',NULL,'The Haunt','live','GB','The Haunt','',''),
 (716,10,135,NULL,'2015-10-17',NULL,'20:00:00','2015-11-17',NULL,NULL,NULL,NULL,'',NULL,'active',NULL,'Brudenell Social Club','live','GB','Brudenell Social Club','',''),
 (717,10,440,NULL,'2015-10-18',NULL,'20:00:00','2015-11-18',NULL,NULL,NULL,NULL,'',NULL,'active',NULL,'The Ruby Lounge','live','GB','The Ruby Lounge','',''),
 (718,10,433,NULL,'2015-10-19',NULL,'20:00:00','2015-11-19',NULL,NULL,NULL,NULL,'',NULL,'active',NULL,'The Arches','live','GB','The Arches','',''),
 (719,10,347,NULL,'2015-10-21',NULL,'20:00:00','2015-11-21',NULL,NULL,NULL,NULL,'',NULL,'active',NULL,'Paradiso','live','NL','Paradiso','',''),
 (720,10,183,NULL,'2015-10-22',NULL,'20:00:00','2015-11-22',NULL,NULL,NULL,NULL,'',NULL,'active',NULL,'Doornroosje','live','NL','Doornroosje','',''),
 (721,10,100,NULL,'2015-10-23',NULL,'20:00:00','2015-11-23',NULL,NULL,NULL,NULL,'',NULL,'active',NULL,'Ancienne Belgique','live','BE','Ancienne Belgique','',''),
 (722,10,141,NULL,'2015-10-31',NULL,'20:00:00','2015-11-30',NULL,NULL,NULL,NULL,'',NULL,'active',NULL,'Centraltheater','live','DE','Centraltheater','',''),
 (723,10,261,NULL,'2015-11-01',NULL,'20:00:00','2015-12-01',NULL,NULL,NULL,NULL,'',NULL,'active',NULL,'Kaufleuten','live','CH','Kaufleuten','',''),
 (724,10,322,NULL,'2015-11-02',NULL,'20:00:00','2015-12-02',NULL,NULL,NULL,NULL,'',NULL,'active',NULL,'Mousonturm','live','DE','Mousonturm','',''),
 (725,10,63,NULL,'2015-11-03',NULL,'20:00:00','2015-12-03',NULL,NULL,NULL,NULL,'',NULL,'active',NULL,'','live','IT','','',''),
 (726,10,143,NULL,'2015-11-04',NULL,'20:00:00','2015-12-04',NULL,NULL,NULL,NULL,'',NULL,'active',NULL,'Circolo degli Artisti','live','IT','Circolo degli Artisti','',''),
 (727,10,295,NULL,'2015-11-05',NULL,'20:00:00','2015-12-05',NULL,NULL,NULL,NULL,'',NULL,'active',NULL,'Link Club','live','IT','Link Club','',''),
 (728,10,213,NULL,'2015-11-08',NULL,'20:00:00','2015-12-08',NULL,NULL,NULL,NULL,'',NULL,'active',NULL,'Flex','live','AT','Flex','',''),
 (729,10,50,NULL,'2015-11-09',NULL,'20:00:00','2015-12-09',NULL,NULL,NULL,NULL,'',NULL,'active',NULL,'','live','DE','','',''),
 (730,10,471,NULL,'2015-11-10',NULL,'20:00:00','2015-12-10',NULL,NULL,NULL,NULL,'',NULL,'active',NULL,'Waagenhallen','live','DE','Waagenhallen','',''),
 (731,10,257,NULL,'2015-11-11',NULL,'20:00:00','2015-12-11',NULL,NULL,NULL,NULL,'',NULL,'active',NULL,'Karlstorbahnhof','live','DE','Karlstorbahnhof','',''),
 (732,10,118,NULL,'2015-11-12',NULL,'20:00:00','2015-12-12',NULL,NULL,NULL,NULL,'',NULL,'active',NULL,'Beatpol','live','DE','Beatpol','',''),
 (733,309,409,NULL,'2015-08-20',NULL,'20:00:00','2015-09-20',NULL,NULL,NULL,NULL,'',NULL,'active',NULL,'Spedition','dj','DE','Spedition','',''),
 (734,11,81,NULL,'2015-08-13',NULL,'20:00:00','2015-09-13',NULL,NULL,NULL,NULL,'',NULL,'active',NULL,'','dj','FR','','',''),
 (735,321,130,NULL,'2015-10-21',NULL,'20:00:00','2015-11-21',NULL,NULL,NULL,NULL,'',NULL,'active',NULL,'Blumenbar-Club','live','DE','Blumenbar-Club','',''),
 (736,11,76,NULL,'2015-09-10',NULL,'20:00:00','2015-10-10',NULL,NULL,NULL,NULL,'',NULL,'active',NULL,'','dj','NL','','',''),
 (738,11,241,NULL,'2015-10-08',NULL,'20:00:00','2015-11-08',NULL,NULL,NULL,NULL,'',NULL,'active',NULL,'Herr Zimerman','dj','NL','Herr Zimerman','',''),
 (739,325,476,NULL,'2015-08-19',NULL,'20:00:00','2015-09-19',NULL,NULL,NULL,NULL,'',NULL,'active',NULL,'Weekend','live','DE','Weekend','',''),
 (740,325,72,NULL,'2015-08-20',NULL,'20:00:00','2015-09-20',NULL,NULL,NULL,NULL,'',NULL,'active',NULL,'','live','FR','','',''),
 (741,325,9,NULL,'2015-09-03',NULL,'20:00:00','2015-10-03',NULL,NULL,NULL,NULL,'',NULL,'active',NULL,'','live','FR','','',''),
 (742,325,421,NULL,'2015-08-31',NULL,'20:00:00','2015-09-30',NULL,NULL,NULL,NULL,'',NULL,'active',NULL,'Suicide Circus','live','DE','Suicide Circus','',''),
 (743,325,209,NULL,'2015-08-30',NULL,'20:00:00','2015-09-30',NULL,NULL,NULL,NULL,'',NULL,'active',NULL,'Fiese Remise','live','DE','Fiese Remise','',''),
 (744,11,227,NULL,'2015-10-01',NULL,'20:00:00','2015-11-01',NULL,NULL,NULL,NULL,'',NULL,'active',NULL,'Gloria','dj','DE','Gloria','',''),
 (745,11,367,NULL,'2015-10-29',NULL,'20:00:00','2015-11-29',NULL,NULL,NULL,NULL,'',NULL,'active',NULL,'Reitschule/Dachstock','dj','CH','Reitschule/Dachstock','',''),
 (746,239,455,NULL,'2015-09-23',NULL,'20:00:00','2015-10-23',NULL,NULL,NULL,NULL,'',NULL,'active',NULL,'Uebel Und Gefährlich','live','DE','Uebel Und Gefährlich','',''),
 (747,239,19,NULL,'2015-09-24',NULL,'20:00:00','2015-10-24',NULL,NULL,NULL,NULL,'',NULL,'active',NULL,'','live','IT','','',''),
 (748,239,376,NULL,'2015-10-30',NULL,'20:00:00','2015-11-30',NULL,NULL,NULL,NULL,'',NULL,'active',NULL,'Rockhal','live','LU','Rockhal','',''),
 (749,10,376,NULL,'2015-10-30',NULL,'20:00:00','2015-11-30',NULL,NULL,NULL,NULL,'',NULL,'active',NULL,'Rockhal','live','LU','Rockhal','',''),
 (750,239,141,NULL,'2015-10-31',NULL,'20:00:00','2015-11-30',NULL,NULL,NULL,NULL,'',NULL,'active',NULL,'Centraltheater','live','DE','Centraltheater','',''),
 (751,239,261,NULL,'2015-11-01',NULL,'20:00:00','2015-12-01',NULL,NULL,NULL,NULL,'',NULL,'active',NULL,'Kaufleuten','live','CH','Kaufleuten','',''),
 (752,239,322,NULL,'2015-11-02',NULL,'20:00:00','2015-12-02',NULL,NULL,NULL,NULL,'',NULL,'active',NULL,'Mousonturm','live','DE','Mousonturm','',''),
 (753,239,14,NULL,'2015-11-03',NULL,'20:00:00','2015-12-03',NULL,NULL,NULL,NULL,'',NULL,'active',NULL,'','live','IT','','',''),
 (754,239,144,NULL,'2015-11-04',NULL,'20:00:00','2015-12-04',NULL,NULL,NULL,NULL,'',NULL,'active',NULL,'Circolo Degli Artisti','live','IT','Circolo Degli Artisti','',''),
 (755,239,294,NULL,'2015-11-05',NULL,'20:00:00','2015-12-05',NULL,NULL,NULL,NULL,'',NULL,'active',NULL,'Link','live','IT','Link','',''),
 (756,239,213,NULL,'2015-11-08',NULL,'20:00:00','2015-12-08',NULL,NULL,NULL,NULL,'',NULL,'active',NULL,'Flex','live','AT','Flex','',''),
 (757,239,47,NULL,'2015-11-09',NULL,'20:00:00','2015-12-09',NULL,NULL,NULL,NULL,'',NULL,'active',NULL,'','live','DE','','',''),
 (758,239,471,NULL,'2015-11-10',NULL,'20:00:00','2015-12-10',NULL,NULL,NULL,NULL,'',NULL,'active',NULL,'Waagenhallen','live','DE','Waagenhallen','',''),
 (759,239,257,NULL,'2015-11-11',NULL,'20:00:00','2015-12-11',NULL,NULL,NULL,NULL,'',NULL,'active',NULL,'Karlstorbahnhof','live','DE','Karlstorbahnhof','',''),
 (760,239,118,NULL,'2015-11-12',NULL,'20:00:00','2015-12-12',NULL,NULL,NULL,NULL,'',NULL,'active',NULL,'Beatpol','live','DE','Beatpol','',''),
 (761,239,466,NULL,'2016-01-12',NULL,'20:00:00','2016-02-12',NULL,NULL,NULL,NULL,'',NULL,'active',NULL,'Volksbühne','live','DE','Volksbühne','',''),
 (762,352,91,NULL,'2015-09-23',NULL,'20:00:00','2015-10-23',NULL,NULL,NULL,NULL,'',NULL,'active',NULL,'://about blank','dj','DE','://about blank','https://www.facebook.com/event.php?eid=169466916461958',''),
 (763,352,260,NULL,'2015-09-05',NULL,'20:00:00','2015-10-05',NULL,NULL,NULL,NULL,'',NULL,'active',NULL,'Kater Holzig','dj','DE','Kater Holzig','',''),
 (764,359,1,NULL,'2015-09-10',NULL,'20:00:00','2015-10-10',NULL,NULL,NULL,NULL,'',NULL,'active',NULL,'','dj','DE','','',''),
 (765,28,1,NULL,'2015-09-17',NULL,'20:00:00','2015-10-17',NULL,NULL,NULL,NULL,'',NULL,'active',NULL,'','dj','DE','','',''),
 (766,28,35,NULL,'2015-09-24',NULL,'20:00:00','2015-10-24',NULL,NULL,NULL,NULL,'',NULL,'active',NULL,'','live','PL','','',''),
 (767,28,48,NULL,'2015-10-21',NULL,'20:00:00','2015-11-21',NULL,NULL,NULL,NULL,'',NULL,'active',NULL,'','live','AT','','',''),
 (768,28,1,NULL,'2015-11-05',NULL,'20:00:00','2015-12-05',NULL,NULL,NULL,NULL,'',NULL,'active',NULL,'','dj','DE','','','');
/*!40000 ALTER TABLE `wp_gigpress_shows` ENABLE KEYS */;


--
-- Definition of table `wp_gigpress_tours`
--

DROP TABLE IF EXISTS `wp_gigpress_tours`;
CREATE TABLE `wp_gigpress_tours` (
  `tour_id` int(4) NOT NULL AUTO_INCREMENT,
  `tour_name` varchar(255) NOT NULL,
  `tour_status` varchar(32) DEFAULT 'active',
  PRIMARY KEY (`tour_id`)
) ENGINE=InnoDB AUTO_INCREMENT=2 DEFAULT CHARSET=utf8;

--
-- Dumping data for table `wp_gigpress_tours`
--

/*!40000 ALTER TABLE `wp_gigpress_tours` DISABLE KEYS */;
INSERT INTO `wp_gigpress_tours` (`tour_id`,`tour_name`,`tour_status`) VALUES 
 (1,'testtour','active');
/*!40000 ALTER TABLE `wp_gigpress_tours` ENABLE KEYS */;


--
-- Definition of table `wp_gigpress_venues`
--

DROP TABLE IF EXISTS `wp_gigpress_venues`;
CREATE TABLE `wp_gigpress_venues` (
  `venue_id` int(4) NOT NULL AUTO_INCREMENT,
  `venue_name` varchar(255) NOT NULL,
  `venue_address` varchar(255) DEFAULT NULL,
  `venue_city` varchar(255) NOT NULL,
  `venue_country` varchar(2) NOT NULL,
  `venue_url` varchar(255) DEFAULT NULL,
  `venue_phone` varchar(255) DEFAULT NULL,
  PRIMARY KEY (`venue_id`)
) ENGINE=InnoDB AUTO_INCREMENT=512 DEFAULT CHARSET=utf8;

--
-- Dumping data for table `wp_gigpress_venues`
--

/*!40000 ALTER TABLE `wp_gigpress_venues` DISABLE KEYS */;
INSERT INTO `wp_gigpress_venues` (`venue_id`,`venue_name`,`venue_address`,`venue_city`,`venue_country`,`venue_url`,`venue_phone`) VALUES 
 (1,'',NULL,'Berlin','DE','',NULL),
 (2,'',NULL,'Hamburg','DE','',NULL),
 (3,'',NULL,'harlem','NL','',NULL),
 (4,'',NULL,'Laax','CH','',NULL),
 (5,'',NULL,'Stockholm','SE','',NULL),
 (6,'',NULL,'Copenhagen','DK','',NULL),
 (7,'',NULL,'Minehead','GB','',NULL),
 (8,'',NULL,'gallipoli','IT','',NULL),
 (9,'',NULL,'Paris','FR','',NULL),
 (10,'',NULL,'Evreux','FR','',NULL),
 (11,'',NULL,'Nijmegen','NL','',NULL),
 (12,'',NULL,'Katowice','PL','http://www.festiwalnowamuzyka.pl',NULL),
 (13,'',NULL,'Porto','PT','',NULL),
 (14,'',NULL,'Turino','IT','',NULL),
 (15,'',NULL,'Zürich','CH','',NULL),
 (16,'',NULL,'Oudenaarde','BE','',NULL),
 (17,'',NULL,'Roma','IT','',NULL),
 (18,'',NULL,'soest','NL','',NULL),
 (19,'',NULL,'Padua','IT','',NULL),
 (20,'',NULL,'Melbourne','AU','',NULL),
 (21,'',NULL,'biddinghouzen','NL','',NULL),
 (22,'',NULL,'Niigata','JP','',NULL),
 (23,'',NULL,'Calvi (Corsica)','FR','',NULL),
 (24,'',NULL,'Hasselt','BE','',NULL),
 (25,'',NULL,'Palermo','IT','',NULL),
 (26,'',NULL,'Badajoz','ES','',NULL),
 (27,'',NULL,'Augsburg','DE','',NULL),
 (28,'',NULL,'Goteborg','SE','',NULL),
 (29,'',NULL,'geneve','CH','',NULL),
 (30,'',NULL,'Manchester','GB','',NULL),
 (31,'',NULL,'Lille','FR','',NULL),
 (32,'',NULL,'Barcelona','ES','',NULL),
 (33,'',NULL,'Werchter','BE','',NULL),
 (34,'',NULL,'Skopje','MK','',NULL),
 (35,'',NULL,'Poznan','PL','',NULL),
 (36,'',NULL,'Laerz','DE','',NULL),
 (37,'',NULL,'Montendre','FR','',NULL),
 (38,'',NULL,'Laudun','FR','',NULL),
 (39,'',NULL,'lausanne','CH','',NULL),
 (40,'',NULL,'Utrecht','NL','',NULL),
 (41,'',NULL,'Bolzana','IT','',NULL),
 (42,'',NULL,'praha','CZ','',NULL),
 (43,'',NULL,'St. Ursanne','CH','',NULL),
 (44,'',NULL,'Odense','DK','',NULL),
 (45,'',NULL,'Dresden','DE','',NULL),
 (46,'',NULL,'Duesseldorf','DE','',NULL),
 (47,'',NULL,'München','DE','',NULL),
 (48,'',NULL,'Graz','AT','',NULL),
 (49,'',NULL,'zarazgoza','ES','',NULL),
 (50,'',NULL,'Munich','DE','',NULL),
 (51,'',NULL,'Belgrad','RS','',NULL),
 (52,'',NULL,'Quebec','CA','http://www.antenne-a.com',NULL),
 (53,'',NULL,'foligno','IT','http://www.dancityfestival.com',NULL),
 (54,'',NULL,'Washington, DC','US','',NULL),
 (55,'',NULL,'Reims','FR','',NULL),
 (56,'',NULL,'Biddinghuizen','NL','',NULL),
 (57,'',NULL,'vremde','BE','',NULL),
 (58,'',NULL,'Cerceda','ES','',NULL),
 (59,'',NULL,'Florence','IT','',NULL),
 (60,'',NULL,'Narni','IT','',NULL),
 (61,'',NULL,'Petersburg','RU','',NULL),
 (62,'',NULL,'livorno','IT','',NULL),
 (63,'',NULL,'Turin','IT','',NULL),
 (64,'',NULL,'San Francisco','US','',NULL),
 (65,'',NULL,'Gräfenhainichen','DE','',NULL),
 (66,'',NULL,'Arvika','SE','',NULL),
 (67,'',NULL,'Ingolstadt','DE','',NULL),
 (68,'',NULL,'Elche','ES','',NULL),
 (69,'',NULL,'Plankenfels','DE','',NULL),
 (70,'',NULL,'St. Petersburg','RU','',NULL),
 (71,'',NULL,'Noto','IT','',NULL),
 (72,'',NULL,'Montpellier','FR','',NULL),
 (73,'',NULL,'London','GB','',NULL),
 (74,'',NULL,'Amsterdam','NL','',NULL),
 (75,'',NULL,'Salzburg','AT','',NULL),
 (76,'',NULL,'Enschede','NL','',NULL),
 (77,'',NULL,'Austin, TX','US','',NULL),
 (78,'',NULL,'Prague','CZ','',NULL),
 (79,'',NULL,'Perpignan','FR','',NULL),
 (80,'',NULL,'Chennai','IN','http://www.saarang.org/2010/component/content/article/33-introduction/166-t-raumschmiere',NULL),
 (81,'',NULL,'Toulon','FR','',NULL),
 (82,'',NULL,'Salerno','IT','',NULL),
 (83,'.HBC',NULL,'Berlin','DE','',NULL),
 (84,'030 Festival',NULL,'Berlin','DE','',NULL),
 (85,'103 Harriet Street',NULL,'San Francisco','US','',NULL),
 (86,'180 Club',NULL,'Krakowska','PL','',NULL),
 (87,'59to1',NULL,'Munich','DE','',NULL),
 (88,'603qm',NULL,'Darmstadt','DE','',NULL),
 (89,'7er Club',NULL,'Mannheim','DE','',NULL),
 (90,'8-bit',NULL,'Poznan','PL','',NULL),
 (91,'://about blank',NULL,'Berlin','DE','https://www.facebook.com/event.php?eid=169466916461958',NULL),
 (92,'A2',NULL,'St Petersburg','RU','',NULL),
 (93,'Abbey Pub',NULL,'Chicago','US','',NULL),
 (94,'About Blank',NULL,'Berlin','DE','',NULL),
 (95,'Academy 1',NULL,'Manchester','GB','',NULL),
 (96,'Acropolium',NULL,'Tunis','TN','',NULL),
 (97,'Adjara Music Hall',NULL,'Batumi','GR','',NULL),
 (98,'Ageha',NULL,'Tokyo','JP','',NULL),
 (99,'Alhambra',NULL,'Oldenburg','DE','',NULL),
 (100,'Ancienne Belgique',NULL,'Brussels','BE','',NULL),
 (101,'Animal Social Club',NULL,'Rome','IT','',NULL),
 (102,'Antwerp Open Air',NULL,'Antwerpen','BE','',NULL),
 (103,'Aquapark',NULL,'Kirilovka','UA','',NULL),
 (104,'Arena',NULL,'Zagreb','HR','',NULL),
 (105,'Arena Club',NULL,'Berlin','DE','',NULL),
 (106,'Arkada',NULL,'Kharkov','UA','',NULL),
 (107,'Arnolfini',NULL,'Bristol','GB','',NULL),
 (108,'Asteroid Impact',NULL,'Rome','IT','',NULL),
 (109,'Atak',NULL,'Enschede','NL','',NULL),
 (110,'Auditorium Ecole',NULL,'Caen','FR','',NULL),
 (111,'Baalsaal',NULL,'Hamburg','DE','',NULL),
 (112,'Babylon',NULL,'Istanbul','TR','',NULL),
 (113,'Bang Bang Club',NULL,'Berlin','DE','',NULL),
 (114,'Bar 25',NULL,'Berlin','DE','',NULL),
 (115,'Bar23',NULL,'Berlin','DE','',NULL),
 (116,'Barking Frog',NULL,'London','CA','',NULL),
 (117,'Batofar',NULL,'Paris','FR','',NULL),
 (118,'Beatpol',NULL,'Dresden','DE','',NULL),
 (119,'Bent Crayton',NULL,'Cleveland','US','',NULL),
 (120,'Berghain',NULL,'Berlin','DE','',NULL),
 (121,'Berghain Kantine',NULL,'Berlin','DE','',NULL),
 (122,'Bergstuebel',NULL,'Berlin','DE','',NULL),
 (123,'BHC.HBC',NULL,'Berlin','DE','http://www.myspace.com/bhckollektiv',NULL),
 (124,'Bimfest',NULL,'Antwerpen','BE','',NULL),
 (125,'Birmingham Academy',NULL,'Birmingham','GB','',NULL),
 (126,'BKI',NULL,'Hamburg','DE','',NULL),
 (127,'BKI Kiezinternat',NULL,'Hamburg','DE','',NULL),
 (128,'Black Market',NULL,'New York','US','',NULL),
 (129,'Blockrockin Beats',NULL,'Bamberg','DE','',NULL),
 (130,'Blumenbar-Club',NULL,'Berlin','DE','',NULL),
 (131,'Branca Leone',NULL,'Rome','IT','',NULL),
 (132,'Branca Leone',NULL,'Roma','IT','',NULL),
 (133,'Brandenburger Tor',NULL,'Berlin','DE','',NULL),
 (134,'Brown Alley',NULL,'Melbourne','AU','',NULL),
 (135,'Brudenell Social Club',NULL,'Leeds','GB','',NULL),
 (136,'Brunnen 70',NULL,'Berlin','DE','',NULL),
 (137,'Bunker',NULL,'Köln','DE','',NULL),
 (138,'Cabaret Aleatoire',NULL,'Marseille','FR','',NULL),
 (139,'Cactus',NULL,'Bruegge','BE','',NULL),
 (140,'Cargo',NULL,'London','GB','',NULL),
 (141,'Centraltheater',NULL,'Leipzig','DE','',NULL),
 (142,'Cinespace',NULL,'Los Angeles, CA','US','',NULL),
 (143,'Circolo degli Artisti',NULL,'Rome','IT','',NULL),
 (144,'Circolo Degli Artisti',NULL,'Roma','IT','',NULL),
 (145,'Circolo La Grada',NULL,'Bologna','IT','',NULL),
 (146,'City Club',NULL,'Ekaterinenburg','RU','',NULL),
 (147,'Clandestino Festival',NULL,'Goteborg','SE','',NULL),
 (148,'Clapper',NULL,'Osaka','JP','http://www.clapper.jp',NULL),
 (149,'Club',NULL,'Granada','ES','',NULL),
 (150,'Club 117',NULL,'Feodosia','UA','',NULL),
 (151,'Club A.R.M.',NULL,'Kassel','DE','',NULL),
 (152,'Club Academy',NULL,'Manchester','GB','',NULL),
 (153,'Club Am Schlesischen Tor',NULL,'Berlin','DE','',NULL),
 (154,'Club Gravity',NULL,'Vilnius','LT','',NULL),
 (155,'Club Looop',NULL,'Nagoya','JP','',NULL),
 (156,'Club Vito',NULL,'Nagoya','JP','',NULL),
 (157,'Colors Studio',NULL,'Tokyo','JP','',NULL),
 (158,'Conne Island',NULL,'Leipzig','DE','',NULL),
 (159,'Control',NULL,'Bucarest','RO','',NULL),
 (160,'Cool',NULL,'Madrid','ES','',NULL),
 (161,'Craw Daddy',NULL,'Dublin','IE','',NULL),
 (162,'Creamfields Festival',NULL,'Buenos Aires','AR','',NULL),
 (163,'Creative Centre Osaka',NULL,'Osaka','JP','',NULL),
 (164,'Crobar Studio',NULL,'Buenos Aires','AR','',NULL),
 (165,'Cubic',NULL,'Tbilis','GE','',NULL),
 (166,'cultural centre de warande',NULL,'Turnhout','NL','',NULL),
 (167,'Culture Box',NULL,'Copenhagen','DK','',NULL),
 (168,'D Club',NULL,'Lausanne','CH','',NULL),
 (169,'D-Edge',NULL,'Sao Paulo','BR','',NULL),
 (170,'D-Egde',NULL,'Sao Paulo','BR','',NULL),
 (171,'Dachstock',NULL,'Bern','CH','',NULL),
 (172,'Dawson College',NULL,'Montreal','DE','',NULL),
 (173,'De Nachten',NULL,'Antwerpen','BE','',NULL),
 (174,'De Waerdse Tempel',NULL,'Heerhugoward','NL','',NULL),
 (175,'Debaser Festival',NULL,'Stockholm','SE','',NULL),
 (176,'Die Rakete',NULL,'Nuernberg','DE','',NULL),
 (177,'die rakete',NULL,'nürnberg','DE','',NULL),
 (178,'Die Registratur',NULL,'Munich','DE','',NULL),
 (179,'Digger Club',NULL,'Krasnodar','RU','',NULL),
 (180,'dirty dancing',NULL,'brussels','BE','',NULL),
 (181,'Disco Discount',NULL,'Düsseldorf','DE','',NULL),
 (182,'Distillery',NULL,'Leipzig','DE','',NULL),
 (183,'Doornroosje',NULL,'Nijmegen','NL','',NULL),
 (184,'DOT',NULL,'Berlin','DE','',NULL),
 (185,'Douala',NULL,'Ravensburg','DE','',NULL),
 (186,'Dragon Ball',NULL,'Martigues','FR','',NULL),
 (187,'Druckluft',NULL,'Oberhausen','DE','',NULL),
 (188,'E-lectribe',NULL,'Kassel','DE','',NULL),
 (189,'E-Werk',NULL,'Erlangen','DE','',NULL),
 (190,'Ebullition Club',NULL,'Bulle','CH','',NULL),
 (191,'Eden Stadium',NULL,'Prague','CZ','',NULL),
 (192,'Edma',NULL,'Vorselaar','BE','',NULL),
 (193,'Ego',NULL,'Hamburg','DE','',NULL),
 (194,'El Rey Theatre',NULL,'Los Angeles, CA','US','',NULL),
 (195,'Electron Festival',NULL,'Geneve','CH','',NULL),
 (196,'Electrowerkz',NULL,'London','GB','',NULL),
 (197,'Elektra',NULL,'Montreal','CA','',NULL),
 (198,'Elfer',NULL,'Frankfurt','DE','',NULL),
 (199,'Esplanade Gambetta',NULL,'Carcassonne','FR','',NULL),
 (200,'Estadio de la Cartuja',NULL,'Sevilla','ES','',NULL),
 (201,'Estadio Jose Zorrilla',NULL,'Valladolid','ES','',NULL),
 (202,'Estrado',NULL,'Harderwijk','NL','',NULL),
 (203,'Factory Festival',NULL,'Paris','FR','',NULL),
 (204,'Farbfernsehen',NULL,'Berlin','DE','',NULL),
 (205,'Farmlands',NULL,'Freising','DE','',NULL),
 (206,'Faust',NULL,'Hannover','DE','',NULL),
 (207,'Festival',NULL,'Grenoble','FR','',NULL),
 (208,'Festsaal Kreuzberg',NULL,'Berlin','DE','',NULL),
 (209,'Fiese Remise',NULL,'Berlin','DE','',NULL),
 (210,'Fight Club',NULL,'Brussels','BE','',NULL),
 (211,'Flavio',NULL,'Istanbul','TR','',NULL),
 (212,'Fleda',NULL,'Brno','CZ','',NULL),
 (213,'Flex',NULL,'Vienna','AT','',NULL),
 (214,'Fluc',NULL,'Vienna','AT','',NULL),
 (215,'Flughafen Tempelhof',NULL,'Berlin','DE','',NULL),
 (216,'Flux',NULL,'Vienna','AT','',NULL),
 (217,'Foo Club',NULL,'Hamburg','DE','',NULL),
 (218,'Forte Prenestino',NULL,'Roma','IT','',NULL),
 (219,'Fortezza da Basso',NULL,'Florence','IT','http://2009.festivaldellacreativita.it/',NULL),
 (220,'Forum',NULL,'Bielefeld','DE','',NULL),
 (221,'Foufounes Eleqtiques',NULL,'Montreal','CA','',NULL),
 (222,'Fri-Son',NULL,'Fribourg','CH','',NULL),
 (223,'Gaite Lyrique',NULL,'Paris','FR','',NULL),
 (224,'Galleria Meravigli',NULL,'Milan','IT','',NULL),
 (225,'Gallery',NULL,'Baltimore','US','',NULL),
 (226,'Garage',NULL,'Cuiaba','BR','',NULL),
 (227,'Gloria',NULL,'Regensburg','DE','',NULL),
 (228,'Goethe Institut',NULL,'Boston','US','',NULL),
 (229,'Goethe Institut Tour',NULL,'Quito','EC','',NULL),
 (230,'Goethe Institut Tour',NULL,'La Paz','BO','',NULL),
 (231,'Goethe Institut Tour',NULL,'Salvador','BR','',NULL),
 (232,'Goethe Institut Tour',NULL,'Caracas','VE','',NULL),
 (233,'Golden Gate',NULL,'Berlin','DE','http://www.myspace.com/goldengateclubberlin',NULL),
 (234,'Grasslands',NULL,'Brooklyn, NY','US','',NULL),
 (235,'Gravity',NULL,'Juarez','MX','',NULL),
 (236,'Gwardia Stadium',NULL,'Warsaw','PL','',NULL),
 (237,'Hafenklang',NULL,'Hamburg','DE','',NULL),
 (238,'Harry Klein',NULL,'München','DE','',NULL),
 (239,'haus der kulturen der welt',NULL,'berlin','DE','',NULL),
 (240,'HBC',NULL,'Berlin','DE','',NULL),
 (241,'Herr Zimerman',NULL,'Rotterdam','NL','',NULL),
 (242,'Hive Club',NULL,'Zürich','CH','',NULL),
 (243,'Home Nightclub',NULL,'Sydney','AU','',NULL),
 (244,'Horst Kreuzberg',NULL,'Berlin','DE','',NULL),
 (245,'HSH Nordbank Arena',NULL,'Hamburg','DE','',NULL),
 (246,'Il Cassero',NULL,'Bologna','IT','',NULL),
 (247,'Immotion',NULL,'Köln','DE','',NULL),
 (248,'Industrial Copera',NULL,'Granada','ES','',NULL),
 (249,'Inter Stadium',NULL,'Bratislava','SK','',NULL),
 (250,'Issue Project Room',NULL,'New York','US','',NULL),
 (251,'Jang House',NULL,'Philadelphia','US','',NULL),
 (252,'Java Club',NULL,'Paris','FR','',NULL),
 (253,'Josef',NULL,'Berlin','DE','',NULL),
 (254,'K-nal',NULL,'Brussels','BE','',NULL),
 (255,'Kakadu',NULL,'Divnomorsk','RU','',NULL),
 (256,'kamikaze club',NULL,'freiburg','DE','',NULL),
 (257,'Karlstorbahnhof',NULL,'Heidelberg','DE','',NULL),
 (258,'Karma Lounge',NULL,'Austin, TX','US','',NULL),
 (259,'Kaserne',NULL,'Basel','CH','',NULL),
 (260,'Kater Holzig',NULL,'Berlin','DE','',NULL),
 (261,'Kaufleuten',NULL,'Zürich','CH','',NULL),
 (262,'Kesselhaus',NULL,'Berlin','DE','',NULL),
 (263,'Kickbeat',NULL,'Wroclaw','PL','',NULL),
 (264,'Kino International',NULL,'Berlin','DE','',NULL),
 (265,'Klangkino',NULL,'Gebesee','DE','',NULL),
 (266,'Klub Bauhaus',NULL,'Landshut','DE','',NULL),
 (267,'Klub Zasieg',NULL,'Krakov','PL','',NULL),
 (268,'Kraftwerk Rummelsburg',NULL,'Berlin','DE','',NULL),
 (269,'Kugl',NULL,'St. Gallen','CH','',NULL),
 (270,'Kulturbrauerei',NULL,'Berlin','DE','',NULL),
 (271,'L\'Astrolabe',NULL,'Orléans','FR','',NULL),
 (272,'L\'usine',NULL,'Geneve','CH','',NULL),
 (273,'La Bobine',NULL,'Grenoble','FR','',NULL),
 (274,'La Carene',NULL,'Brest','FR','',NULL),
 (275,'La Gaite Lyrique',NULL,'Paris','FR','',NULL),
 (276,'La Laiterie',NULL,'Strasbourg','FR','',NULL),
 (277,'La Machine du Moulin Rouge',NULL,'Paris','FR','',NULL),
 (278,'la rouche',NULL,'lausanne','CH','',NULL),
 (279,'Last Exit Landsberg',NULL,'Berlin','DE','',NULL),
 (280,'Lax',NULL,'Los Angeles, CA','US','',NULL),
 (281,'Le Batofaar',NULL,'Paris','FR','',NULL),
 (282,'Le Bikini',NULL,'Toulouse','FR','',NULL),
 (283,'Le Chabada',NULL,'Angers','FR','',NULL),
 (284,'Le Rocher by Dimuschi',NULL,'Corsica','FR','',NULL),
 (285,'Le Rocher De Palmer',NULL,'Cenon','FR','',NULL),
 (286,'Le Royale Brooklyn',NULL,'Brooklyn, NY','US','',NULL),
 (287,'Le Transbordeur',NULL,'Lyon','FR','',NULL),
 (288,'Le Zoo',NULL,'Geneve','CH','',NULL),
 (289,'Le Zoo',NULL,'Geneva','CH','',NULL),
 (290,'Les Caves du Manoir',NULL,'Martigny','CH','',NULL),
 (291,'Levee',NULL,'Berlin','DE','',NULL),
 (292,'Lick The Click',NULL,'Budapest','HU','',NULL),
 (293,'Lido',NULL,'Berlin','DE','',NULL),
 (294,'Link',NULL,'Bologna','IT','',NULL),
 (295,'Link Club',NULL,'Bologna','IT','',NULL),
 (296,'Liquid Sunday',NULL,'Altenburg','DE','',NULL),
 (297,'Loft',NULL,'Barcelona','ES','',NULL),
 (298,'Lohro',NULL,'Rostock','DE','',NULL),
 (299,'Lokal',NULL,'Istanbul','TR','',NULL),
 (300,'Lolita',NULL,'Barcelona','ES','',NULL),
 (301,'Low Club',NULL,'Madrid','ES','',NULL),
 (302,'Lulu Belle Cafe',NULL,'Wroclaw','PL','',NULL),
 (303,'Lux',NULL,'Lisbon','PT','',NULL),
 (304,'M.I.K.Z.',NULL,'Berlin','DE','',NULL),
 (305,'Macumba',NULL,'Madrid','ES','',NULL),
 (306,'magazzini generali',NULL,'milano','IT','',NULL),
 (307,'Magnolia',NULL,'Milan','IT','',NULL),
 (308,'Make Up Club',NULL,'Ghent','BE','',NULL),
 (309,'Maria',NULL,'Berlin','DE','http://www.clubmaria.de/',NULL),
 (310,'Mau',NULL,'Rostock','DE','',NULL),
 (311,'Medienhaus Wiesenweg',NULL,'Berlin','DE','',NULL),
 (312,'Melkweg',NULL,'Amsterdam','NL','',NULL),
 (313,'Merlin',NULL,'Budapest','HU','',NULL),
 (314,'Meta Morfx',NULL,'St Pantaleon','AT','',NULL),
 (315,'Metropol Theater',NULL,'Vienna','AT','',NULL),
 (316,'Miami Club',NULL,'Stendal','DE','',NULL),
 (317,'MMC',NULL,'Bratislava','SK','',NULL),
 (318,'Mod',NULL,'Hasselt','BE','',NULL),
 (319,'Mojo',NULL,'Arnheim','NL','',NULL),
 (320,'Mont Saint-Anee',NULL,'Quebec','CA','',NULL),
 (321,'Moog',NULL,'Barcelona','ES','',NULL),
 (322,'Mousonturm',NULL,'Frankfurt','DE','',NULL),
 (323,'Muhka',NULL,'Antwerp','BE','',NULL),
 (324,'Musica',NULL,'Sydney','AU','',NULL),
 (325,'Muziekgieterij',NULL,'Maastricht','NL','',NULL),
 (326,'Nachtrauschen',NULL,'Bonn','DE','',NULL),
 (327,'Nassau Boat',NULL,'Bratislava','SK','',NULL),
 (328,'nbi',NULL,'Berlin','DE','',NULL),
 (329,'NC Liverpool',NULL,'Donetsk','UA','',NULL),
 (330,'Nectar Lounge',NULL,'Seattle','US','',NULL),
 (331,'Neo Club',NULL,'Campo Grande','BR','',NULL),
 (332,'Neumos',NULL,'Seattle','US','',NULL),
 (333,'New Years',NULL,'Seattle','US','',NULL),
 (334,'Niceto Club',NULL,'Buenos Aires','AR','',NULL),
 (335,'Nitsa',NULL,'Barcelona','ES','',NULL),
 (336,'Nouveau Casino',NULL,'Paris','FR','',NULL),
 (337,'Nu Fonina',NULL,'Olsztyn','PL','',NULL),
 (338,'O&#347;rodek Capitol',NULL,'Wroclaw','PL','',NULL),
 (339,'O2 Academy',NULL,'London','GB','',NULL),
 (340,'Ogden Theater',NULL,'Denver','US','',NULL),
 (341,'ososphere',NULL,'lyon','FR','',NULL),
 (342,'Palais des Beaux-Arts',NULL,'Brussels','BE','',NULL),
 (343,'Panoptikum',NULL,'Kassel','DE','',NULL),
 (344,'Panorama Festival',NULL,'Beirut','LB','',NULL),
 (345,'Papierfabrik',NULL,'Cologne','DE','',NULL),
 (346,'Paradise Lounge',NULL,'San Francisco','US','',NULL),
 (347,'Paradiso',NULL,'Amsterdam','NL','',NULL),
 (348,'Park Izvor',NULL,'Bucarest','RO','',NULL),
 (349,'Parken',NULL,'Copenhagen','DK','',NULL),
 (350,'Pavillion',NULL,'Berlin','DE','',NULL),
 (351,'Petrol',NULL,'Antwerpen','BE','',NULL),
 (352,'Philharmonie',NULL,'Köln','DE','',NULL),
 (353,'PKM',NULL,'Innsbruck','AT','',NULL),
 (354,'Planetarium',NULL,'Vienna','AT','',NULL),
 (355,'Plano B',NULL,'Porto','PT','',NULL),
 (356,'Pohoda Festival',NULL,'Letisko Trencin','SK','',NULL),
 (357,'Pratersauna',NULL,'Vienna','AT','',NULL),
 (358,'Prinzenbar',NULL,'Hamburg','DE','',NULL),
 (359,'Prostor Abaton',NULL,'Praha','CZ','',NULL),
 (360,'Pudel Club',NULL,'Hamburg','DE','',NULL),
 (361,'Pushkin',NULL,'Dresden','DE','',NULL),
 (362,'Puskas Ferenc Stadium',NULL,'Budapest','HU','',NULL),
 (363,'Qube',NULL,'Rome','IT','',NULL),
 (364,'Radiolara',NULL,'Toronto','CA','',NULL),
 (365,'Raum 18',NULL,'Berlin','DE','http://raum18-berlin.com/',NULL),
 (366,'RAW Temple',NULL,'Berlin','DE','',NULL),
 (367,'Reitschule/Dachstock',NULL,'Bern','CH','',NULL),
 (368,'Republic',NULL,'Orlando, FL','US','',NULL),
 (369,'Reworks',NULL,'Thessaloniki','GR','',NULL),
 (370,'Rex Club',NULL,'Paris','FR','',NULL),
 (371,'Rialto',NULL,'Rome','IT','',NULL),
 (372,'Ritterbutzke',NULL,'Berlin','DE','',NULL),
 (373,'Rock in Ruinen',NULL,'Dortmund','DE','',NULL),
 (374,'Rocker33',NULL,'Stuttgart','DE','',NULL),
 (375,'Rockhal',NULL,'Esch sur Alzette','LU','',NULL),
 (376,'Rockhal',NULL,'Luxemburg','LU','',NULL),
 (377,'Roseland Theatre',NULL,'Portland','US','',NULL),
 (378,'Rosi\'s',NULL,'Berlin','DE','',NULL),
 (379,'rote sonne',NULL,'munich','DE','',NULL),
 (380,'Rote Sonne',NULL,'München','DE','',NULL),
 (381,'Roter Salon',NULL,'Berlin','DE','',NULL),
 (382,'Roundhouse',NULL,'London','GB','',NULL),
 (383,'Roxy',NULL,'Praha','CZ','',NULL),
 (384,'Sagog',NULL,'Trimmelkam','AT','',NULL),
 (385,'Sakog',NULL,'Trimmelkam','AT','',NULL),
 (386,'Sala Becool',NULL,'Barcelona','ES','',NULL),
 (387,'Sala Cool',NULL,'Madrid','ES','',NULL),
 (388,'Salle Nantes Erdre',NULL,'Nantes','FR','',NULL),
 (389,'Samara',NULL,'Zvezda','RU','',NULL),
 (390,'Saponeria Club',NULL,'Rome','IT','',NULL),
 (391,'SAT',NULL,'Montreal','CA','',NULL),
 (392,'Scala',NULL,'Berlin','DE','',NULL),
 (393,'Schleudergang',NULL,'Vienna','AT','',NULL),
 (394,'Schruppschuppen',NULL,'Hamburg','DE','',NULL),
 (395,'Schwarzes Schaf',NULL,'Augsburg','DE','',NULL),
 (396,'Sektor',NULL,'Dresden','DE','',NULL),
 (397,'Senayan Field D',NULL,'Jakarta','ID','',NULL),
 (398,'Seute Deern',NULL,'Hamburg','DE','',NULL),
 (399,'Showboxx',NULL,'Dresden','DE','',NULL),
 (400,'Silber',NULL,'Hamburg','DE','',NULL),
 (401,'Silo',NULL,'Leuven','BE','',NULL),
 (402,'Simplon',NULL,'Groningen','NL','',NULL),
 (403,'Skonto Stadium',NULL,'Riga','LV','',NULL),
 (404,'SO36',NULL,'Berlin','DE','',NULL),
 (405,'Soco',NULL,'Cologne','DE','',NULL),
 (406,'Southbank',NULL,'London','GB','',NULL),
 (407,'Space',NULL,'Ibiza','ES','',NULL),
 (408,'Spanish Moon',NULL,'Baton Rouge','US','',NULL),
 (409,'Spedition',NULL,'Bremen','DE','',NULL),
 (410,'Spin',NULL,'San Diego','US','',NULL),
 (411,'Stadio San Siro',NULL,'Milan','IT','',NULL),
 (412,'Stadtkeller',NULL,'Linz','AT','',NULL),
 (413,'Stardust',NULL,'Madrid','ES','',NULL),
 (414,'Stattbad Wedding',NULL,'Berlin','DE','',NULL),
 (415,'Stitch Club',NULL,'Malta','MT','',NULL),
 (416,'Studio D',NULL,'Berlin','DE','',NULL),
 (417,'Sub Club',NULL,'Glasgow','GB','',NULL),
 (418,'Subclub',NULL,'Bratislava','SK','',NULL),
 (419,'Subway',NULL,'Cologne','DE','',NULL),
 (420,'Sugar Factory',NULL,'Amsterdam','NL','',NULL),
 (421,'Suicide Circus',NULL,'Berlin','DE','',NULL),
 (422,'Sweat Club',NULL,'Leipzig','DE','',NULL),
 (423,'tanzhaus west',NULL,'frankfurt','DE','',NULL),
 (424,'Tape',NULL,'Berlin','DE','',NULL),
 (425,'Tattingers Club',NULL,'Malta','MT','',NULL),
 (426,'tba',NULL,'Zagreb','HR','',NULL),
 (427,'Teatro Geox',NULL,'Padova','IT','',NULL),
 (428,'Teatro Sa Da Bandeira',NULL,'Porto','PT','',NULL),
 (429,'Technodelic',NULL,'Cuiaba','BR','',NULL),
 (430,'Terra Vibe Park',NULL,'Athens','GR','',NULL),
 (431,'Terrasse du Troc',NULL,'Geneve','CH','',NULL),
 (432,'Terre Blanque',NULL,'Toulouse','FR','',NULL),
 (433,'The Arches',NULL,'Glasgow','GB','',NULL),
 (434,'The Button Factory',NULL,'Dublin','IE','',NULL),
 (435,'The Edge',NULL,'Sao Paulo','BR','',NULL),
 (436,'The Fillmore',NULL,'San Francisco','US','',NULL),
 (437,'The Haunt',NULL,'Brighton','GB','',NULL),
 (438,'The Kroen',NULL,'Verona','IT','',NULL),
 (439,'The Loft',NULL,'Vienna','AT','',NULL),
 (440,'The Ruby Lounge',NULL,'Manchester','GB','',NULL),
 (441,'The Social',NULL,'Toronto','CA','',NULL),
 (442,'The Studio',NULL,'New York','US','',NULL),
 (443,'The Sub',NULL,'Templeuve','BE','',NULL),
 (444,'The Works',NULL,'Detroit','US','',NULL),
 (445,'Tivoli',NULL,'Utrecht','NL','',NULL),
 (446,'Tourcoing',NULL,'Lille','FR','',NULL),
 (447,'Tower',NULL,'Bremen','DE','',NULL),
 (448,'Trans Musicales',NULL,'Rennes','FR','',NULL),
 (449,'Trash',NULL,'Bologna','IT','',NULL),
 (450,'Tresor',NULL,'Berlin','DE','',NULL),
 (451,'Troxy',NULL,'London','GB','',NULL),
 (452,'Turm',NULL,'Halle','DE','',NULL),
 (453,'Uebel & Gefaehrlich',NULL,'Hamburg','DE','www.markboombastik.com',NULL),
 (454,'Uebel & Gefährlich',NULL,'Hamburg','DE','',NULL),
 (455,'Uebel und Gefährlich',NULL,'Hamburg','DE','',NULL),
 (456,'Underground',NULL,'Cologne','DE','',NULL),
 (457,'Uni',NULL,'Magdeburg','DE','',NULL),
 (458,'Unit Club',NULL,'Tokyo','JP','',NULL),
 (459,'Vassil Levski',NULL,'Sofia','BG','',NULL),
 (460,'Venue',NULL,'Vancouver','CA','',NULL),
 (461,'Vera',NULL,'Groningen','NL','',NULL),
 (462,'Villa',NULL,'Berlin','DE','',NULL),
 (463,'Vinyl Dance Lounge',NULL,'Edmonton','CA','',NULL),
 (464,'Vola-Pük Summer Festival',NULL,'Oslo','NO','',NULL),
 (465,'Volar',NULL,'Hongkong','HK','',NULL),
 (466,'Volksbühne',NULL,'Berlin','DE','',NULL),
 (467,'Volksbühne Foyer @ Praterkantine',NULL,'Berlin','DE','',NULL),
 (468,'Volksgarten',NULL,'Vienna','AT','',NULL),
 (469,'Volt',NULL,'Amsterdam','NL','',NULL),
 (470,'Waagenbau',NULL,'Hamburg','DE','',NULL),
 (471,'Waagenhallen',NULL,'Stuttgart','DE','',NULL),
 (472,'Waehouse',NULL,'Milan','IT','',NULL),
 (473,'Wagenhallen',NULL,'Stuttgart','DE','',NULL),
 (474,'Watergate',NULL,'Berlin','DE','',NULL),
 (475,'Watt Club',NULL,'Rotterdam','NL','',NULL),
 (476,'Weekend',NULL,'Berlin','DE','',NULL),
 (477,'Weetamix',NULL,'Geneve','CH','',NULL),
 (478,'Wilde Renate',NULL,'Berlin','DE','',NULL),
 (479,'Winston',NULL,'Amsterdam','NL','',NULL),
 (480,'WMF',NULL,'Berlin','DE','',NULL),
 (481,'Womb',NULL,'Tokyo','JP','',NULL),
 (482,'Wood',NULL,'Brussels','BE','',NULL),
 (483,'Xlib Club',NULL,'Kiev','UA','',NULL),
 (484,'Zalgirio Stadionas',NULL,'Vilnius','LT','',NULL),
 (485,'Zimmer',NULL,'Mannheim','DE','http://www.nerdandsexy.com',NULL),
 (486,'Zinga Zanga',NULL,'Beziers','FR','',NULL),
 (487,'Zitadelle',NULL,'Berlin','DE','http://www.einhartzfuerberlin.de/heim.html',NULL),
 (488,'ZKM',NULL,'Karlsruhe','DE','',NULL),
 (489,'Zoo/Usine',NULL,'Geneve','CH','',NULL),
 (490,'Zooma',NULL,'Plauen','DE','',NULL),
 (491,'Zucker',NULL,'Bremen','DE','',NULL),
 (492,'Zur Seuten Deern/Im Silber',NULL,'Hamburg','DE','',NULL);
/*!40000 ALTER TABLE `wp_gigpress_venues` ENABLE KEYS */;




/*!40101 SET SQL_MODE=@OLD_SQL_MODE */;
/*!40014 SET FOREIGN_KEY_CHECKS=@OLD_FOREIGN_KEY_CHECKS */;
/*!40014 SET UNIQUE_CHECKS=@OLD_UNIQUE_CHECKS */;
/*!40101 SET CHARACTER_SET_CLIENT=@OLD_CHARACTER_SET_CLIENT */;
/*!40101 SET CHARACTER_SET_RESULTS=@OLD_CHARACTER_SET_RESULTS */;
/*!40101 SET COLLATION_CONNECTION=@OLD_COLLATION_CONNECTION */;
/*!40101 SET CHARACTER_SET_CLIENT=@OLD_CHARACTER_SET_CLIENT */;
